제목,시작일,종료일,장소,이미지 URL
이야기와 실뜨기,2025.04.09.,2025.04.14.,갤러리 코사,https://search.pstatic.net/common?type=ofullfill&size=138x200&quality=95&direct=true&src=https%3A%2F%2Fcsearch-phinf.pstatic.net%2F20250409_230%2F1744191402248q41EX_JPEG%2F360_main_thumb_url_1744191402221.jpeg
차라리 촛불 하나를 켜라,2025.04.10.,2025.05.02.,맨션나인,https://search.pstatic.net/common?type=ofullfill&size=138x200&quality=95&direct=true&src=https%3A%2F%2Fcsearch-phinf.pstatic.net%2F20250409_131%2F1744178836341Harwe_JPEG%2F360_main_thumb_url_1744178836295.jpg
A Glimpse of Emotion,2025.04.04.,2025.04.26.,피지갤러리,https://search.pstatic.net/common?type=ofullfill&size=138x200&quality=95&direct=true&src=https%3A%2F%2Fcsearch-phinf.pstatic.net%2F20250409_135%2F1744178586534toOxb_JPEG%2F360_main_thumb_url_1744178586494.jpg
구민선 개인전,2025.04.09.,2025.04.14.,갤러리인사아트,https://search.pstatic.net/common?type=ofullfill&size=138x200&quality=95&direct=true&src=https%3A%2F%2Fcsearch-phinf.pstatic.net%2F20250409_114%2F1744177348068dgras_PNG%2F360_main_thumb_url_1744177348009.png
선(禪) 선(線)한 동행,2025.04.09.,2025.04.19.,중랑아트센터,https://search.pstatic.net/common?type=ofullfill&size=138x200&quality=95&direct=true&src=https%3A%2F%2Fcsearch-phinf.pstatic.net%2F20250409_105%2F174416940510603R2K_JPEG%2F360_main_thumb_url_1744169405055.jpg
최은경 : GATE,2025.04.06.,2025.04.19.,갤러리헬렌에이,https://search.pstatic.net/common?type=ofullfill&size=138x200&quality=95&direct=true&src=https%3A%2F%2Fcsearch-phinf.pstatic.net%2F20250409_179%2F17441667056787ENU1_JPEG%2F360_main_thumb_url_1744166705578.jpg
김용철 : Blooming Words & Molan,2025.04.09.,2025.05.07.,최정아갤러리,https://search.pstatic.net/common?type=ofullfill&size=138x200&quality=95&direct=true&src=https%3A%2F%2Fcsearch-phinf.pstatic.net%2F20250408_26%2F1744102868631Tbktt_JPEG%2F360_main_thumb_url_1744102868621.jpg
파인 틈을 응시하기,2025.04.02.,2025.04.13.,WWW SPACE,https://search.pstatic.net/common?type=ofullfill&size=138x200&quality=95&direct=true&src=https%3A%2F%2Fcsearch-phinf.pstatic.net%2F20250408_90%2F1744095920371ajxbQ_JPEG%2F360_main_thumb_url_1744095920322.jpg
"도시의 틈, 일상의 결",2025.04.07.,2025.05.03.,구로청년공간 청년이룸,https://search.pstatic.net/common?type=ofullfill&size=138x200&quality=95&direct=true&src=https%3A%2F%2Fcsearch-phinf.pstatic.net%2F20250408_220%2F174409535964342PMS_JPEG%2F360_main_thumb_url_1744095359621.jpg
(0)이 없는 자리,2025.04.07.,2025.04.13.,유영공간,https://search.pstatic.net/common?type=ofullfill&size=138x200&quality=95&direct=true&src=https%3A%2F%2Fcsearch-phinf.pstatic.net%2F20250408_274%2F17440933151872vkS0_JPEG%2F360_main_thumb_url_1744093315177.jpg
"차가운 고요, 따뜻한 푸름",2025.04.04.,2025.04.27.,자하미술관,https://search.pstatic.net/common?type=ofullfill&size=138x200&quality=95&direct=true&src=https%3A%2F%2Fcsearch-phinf.pstatic.net%2F20250408_84%2F1744091219238g6KK0_JPEG%2F360_main_thumb_url_1744091219218.jpg
RESTOPIA,2025.04.03.,2025.04.27.,통인화랑,https://search.pstatic.net/common?type=ofullfill&size=138x200&quality=95&direct=true&src=https%3A%2F%2Fcsearch-phinf.pstatic.net%2F20250408_173%2F1744084559460PxCjf_JPEG%2F360_main_thumb_url_1744084559383.jpg
김귤이 : 무지개띠와 행진하는 기호들,2025.04.05.,2025.04.26.,로이갤러리 압구정,https://search.pstatic.net/common?type=ofullfill&size=138x200&quality=95&direct=true&src=https%3A%2F%2Fcsearch-phinf.pstatic.net%2F20250408_13%2F1744082734297IL5wb_JPEG%2F360_main_thumb_url_1744082734288.jpg
정재호 개인전,2025.04.09.,2025.04.14.,마루아트센터,https://search.pstatic.net/common?type=ofullfill&size=138x200&quality=95&direct=true&src=https%3A%2F%2Fcsearch-phinf.pstatic.net%2F20250408_139%2F17440815424533Y1S1_JPEG%2F360_main_thumb_url_1744081542426.jpg
Take the Flower Seriously : 꽃을 진지하게 바라보다,2025.03.27.,2025.04.19.,333갤러리,https://search.pstatic.net/common?type=ofullfill&size=138x200&quality=95&direct=true&src=https%3A%2F%2Fcsearch-phinf.pstatic.net%2F20250408_98%2F17440806699438m8ut_JPEG%2F360_main_thumb_url_1744080669916.jpg
異合 [이합 : ],2025.04.08.,2025.04.30.,삼세영,https://search.pstatic.net/common?type=ofullfill&size=138x200&quality=95&direct=true&src=https%3A%2F%2Fcsearch-phinf.pstatic.net%2F20250408_23%2F1744077998239x9LxW_JPEG%2F360_main_thumb_url_1744077998218.jpg
정재호 개인전,2025.04.09.,2025.04.14.,마루아트센터,https://search.pstatic.net/common?type=ofullfill&size=138x200&quality=95&direct=true&src=https%3A%2F%2Fcsearch-phinf.pstatic.net%2F20250407_193%2F17440193561428OG8P_JPEG%2F360_main_thumb_url_1744019356132.jpg
소울황소 : FOR YOUR DREAM,2025.04.09.,2025.04.14.,마루아트센터,https://search.pstatic.net/common?type=ofullfill&size=138x200&quality=95&direct=true&src=https%3A%2F%2Fcsearch-phinf.pstatic.net%2F20250407_138%2F1744018381058S94cq_JPEG%2F360_main_thumb_url_1744018381049.jpg
SERENDIPITY : 세렌디피티,2025.03.31.,2025.04.20.,현대백화점 디큐브시티,https://search.pstatic.net/common?type=ofullfill&size=138x200&quality=95&direct=true&src=https%3A%2F%2Fcsearch-phinf.pstatic.net%2F20250407_21%2F1744006285676bCx9h_PNG%2F360_main_thumb_url_1744006285649.png
양정수 개인전,2025.04.10.,2025.04.22.,에코락갤러리,https://search.pstatic.net/common?type=ofullfill&size=138x200&quality=95&direct=true&src=https%3A%2F%2Fcsearch-phinf.pstatic.net%2F20250407_229%2F174400561796986nCw_PNG%2F360_main_thumb_url_1744005617887.png
"폴가드 : 우리, 찰나의 존재들",2025.04.09.,2025.04.24.,SPACE22,https://search.pstatic.net/common?type=ofullfill&size=138x200&quality=95&direct=true&src=https%3A%2F%2Fcsearch-phinf.pstatic.net%2F20250404_154%2F17437540406579lNUF_JPEG%2F360_main_thumb_url_1743754040557.jpg
"컬러랑 정기회원전 10주년 기념전 '다시, 함께 그리는 10년'",2025.04.04.,2025.04.17.,갤러리 카페 더 칼라,https://search.pstatic.net/common?type=ofullfill&size=138x200&quality=95&direct=true&src=https%3A%2F%2Fcsearch-phinf.pstatic.net%2F20250404_285%2F1743751043033QbkRI_JPEG%2F360_main_thumb_url_1743751043024.jpg
ABOUT HER,2025.03.28.,2025.04.26.,갤러리효,https://search.pstatic.net/common?type=ofullfill&size=138x200&quality=95&direct=true&src=https%3A%2F%2Fcsearch-phinf.pstatic.net%2F20250404_247%2F1743745975379XJ2eq_PNG%2F360_main_thumb_url_1743745975260.png
To Bloom,2025.04.04.,2025.05.02.,더페이지갤러리,https://search.pstatic.net/common?type=ofullfill&size=138x200&quality=95&direct=true&src=https%3A%2F%2Fcsearch-phinf.pstatic.net%2F20250404_226%2F1743745605671cMHjl_JPEG%2F360_main_thumb_url_1743745605630.jpg
"폴가드 : 우리, 찰나의 존재들",2025.04.09.,2025.04.24.,SPACE22,https://search.pstatic.net/common?type=ofullfill&size=138x200&quality=95&direct=true&src=https%3A%2F%2Fcsearch-phinf.pstatic.net%2F20250404_154%2F17437540406579lNUF_JPEG%2F360_main_thumb_url_1743754040557.jpg
"컬러랑 정기회원전 10주년 기념전 '다시, 함께 그리는 10년'",2025.04.04.,2025.04.17.,갤러리 카페 더 칼라,https://search.pstatic.net/common?type=ofullfill&size=138x200&quality=95&direct=true&src=https%3A%2F%2Fcsearch-phinf.pstatic.net%2F20250404_285%2F1743751043033QbkRI_JPEG%2F360_main_thumb_url_1743751043024.jpg
ABOUT HER,2025.03.28.,2025.04.26.,갤러리효,https://search.pstatic.net/common?type=ofullfill&size=138x200&quality=95&direct=true&src=https%3A%2F%2Fcsearch-phinf.pstatic.net%2F20250404_247%2F1743745975379XJ2eq_PNG%2F360_main_thumb_url_1743745975260.png
To Bloom,2025.04.04.,2025.05.02.,더페이지갤러리,https://search.pstatic.net/common?type=ofullfill&size=138x200&quality=95&direct=true&src=https%3A%2F%2Fcsearch-phinf.pstatic.net%2F20250404_226%2F1743745605671cMHjl_JPEG%2F360_main_thumb_url_1743745605630.jpg
사유의 단면,2025.04.04.,2025.04.29.,열정갤러리,https://search.pstatic.net/common?type=ofullfill&size=138x200&quality=95&direct=true&src=https%3A%2F%2Fcsearch-phinf.pstatic.net%2F20250402_172%2F1743571908178QuGFm_JPEG%2F360_main_thumb_url_1743571908168.jpg
시간의 본질은 우리를 빠져나간다,2025.04.10.,2025.04.29.,충무로갤러리,https://search.pstatic.net/common?type=ofullfill&size=138x200&quality=95&direct=true&src=https%3A%2F%2Fcsearch-phinf.pstatic.net%2F20250402_5%2F1743571151587umsBV_JPEG%2F360_main_thumb_url_1743571151569.jpg
인연의 結,2025.04.04.,2025.05.01.,포브갤러리,https://search.pstatic.net/common?type=ofullfill&size=138x200&quality=95&direct=true&src=https%3A%2F%2Fcsearch-phinf.pstatic.net%2F20250402_26%2F1743566198377Rd2iU_JPEG%2F360_main_thumb_url_1743566198343.jpg
오래 남은 빛,2025.04.08.,2025.04.20.,하랑갤러리,https://search.pstatic.net/common?type=ofullfill&size=138x200&quality=95&direct=true&src=https%3A%2F%2Fcsearch-phinf.pstatic.net%2F20250402_280%2F1743564654527noaaL_PNG%2F360_main_thumb_url_1743564654401.png
眞珠之母(진주지모) : Eternal Glow 영원의 빛,2025.04.01.,2025.04.25.,금산갤러리,https://search.pstatic.net/common?type=ofullfill&size=138x200&quality=95&direct=true&src=https%3A%2F%2Fcsearch-phinf.pstatic.net%2F20250402_174%2F1743563896829VtsCB_JPEG%2F360_main_thumb_url_1743563896812.jpg
미묘한 공명,2025.04.07.,2025.04.21.,스페이시움,https://search.pstatic.net/common?type=ofullfill&size=138x200&quality=95&direct=true&src=https%3A%2F%2Fcsearch-phinf.pstatic.net%2F20250402_181%2F17435616816710ub9d_PNG%2F360_main_thumb_url_1743561681538.png
선 위에 토끼,2025.04.02.,2025.04.17.,블루원 갤러리,https://search.pstatic.net/common?type=ofullfill&size=138x200&quality=95&direct=true&src=https%3A%2F%2Fcsearch-phinf.pstatic.net%2F20250402_281%2F17435612536531Sdkl_JPEG%2F360_main_thumb_url_1743561253644.jpg
권력과 숭배,2025.04.03.,2025.04.13.,갤러리아람,https://search.pstatic.net/common?type=ofullfill&size=138x200&quality=95&direct=true&src=https%3A%2F%2Fcsearch-phinf.pstatic.net%2F20250401_203%2F17434862129258zatI_JPEG%2F360_main_thumb_url_1743486212793.jpg
Impulse,2025.04.01.,2025.04.13.,TYA갤러리,https://search.pstatic.net/common?type=ofullfill&size=138x200&quality=95&direct=true&src=https%3A%2F%2Fcsearch-phinf.pstatic.net%2F20250401_152%2F1743477245458VKGDs_PNG%2F360_main_thumb_url_1743477245448.png
신장식 초대전,2025.04.01.,2025.04.12.,미앤갤러리,https://search.pstatic.net/common?type=ofullfill&size=138x200&quality=95&direct=true&src=https%3A%2F%2Fcsearch-phinf.pstatic.net%2F20250401_183%2F1743474621016Ndquy_JPEG%2F360_main_thumb_url_1743474620991.jpg
이강업 초대展,2025.04.03.,2025.04.27.,아트센터 자인,https://search.pstatic.net/common?type=ofullfill&size=138x200&quality=95&direct=true&src=https%3A%2F%2Fcsearch-phinf.pstatic.net%2F20250331_10%2F1743392636437bNdt7_JPEG%2F360_main_thumb_url_1743392636411.jpg
Beyond Visible - 보이는 것 너머,2025.04.03.,2025.04.26.,갤러리 나우,https://search.pstatic.net/common?type=ofullfill&size=138x200&quality=95&direct=true&src=https%3A%2F%2Fcsearch-phinf.pstatic.net%2F20250331_211%2F1743392306491bTFU0_JPEG%2F360_main_thumb_url_1743392306472.jpg
류지안 개인전,2025.04.10.,2025.04.30.,스텔라 갤러리,https://search.pstatic.net/common?type=ofullfill&size=138x200&quality=95&direct=true&src=https%3A%2F%2Fcsearch-phinf.pstatic.net%2F20250331_256%2F1743390859502JX4Uj_JPEG%2F360_main_thumb_url_1743390859427.jpg
온실프로젝트_ 진정한 장소,2025.04.05.,2025.04.20.,서울자브종,https://search.pstatic.net/common?type=ofullfill&size=138x200&quality=95&direct=true&src=https%3A%2F%2Fcsearch-phinf.pstatic.net%2F20250328_250%2F17431439484124BrXT_JPEG%2F360_main_thumb_url_1743143948383.jpg
김정희 개인전,2025.03.31.,2025.04.13.,어바웃 프로젝트라운지,https://search.pstatic.net/common?type=ofullfill&size=138x200&quality=95&direct=true&src=https%3A%2F%2Fcsearch-phinf.pstatic.net%2F20250328_295%2F1743141008309Sfcb8_PNG%2F360_main_thumb_url_1743141008031.png
ECHO OF ANCIENT MYTHS,2025.04.07.,2025.04.27.,지든갤러리,https://search.pstatic.net/common?type=ofullfill&size=138x200&quality=95&direct=true&src=https%3A%2F%2Fcsearch-phinf.pstatic.net%2F20250328_273%2F1743139309680FM0PX_JPEG%2F360_main_thumb_url_1743139309647.jpg
Transition,2025.04.03.,2025.04.26.,SH GALLERY SEOUL,https://search.pstatic.net/common?type=ofullfill&size=138x200&quality=95&direct=true&src=https%3A%2F%2Fcsearch-phinf.pstatic.net%2F20250328_245%2F1743139024426XpLhM_PNG%2F360_main_thumb_url_1743139024308.png
Afterimages of Presence,2025.03.27.,2025.04.25.,엠앤송아트,https://search.pstatic.net/common?type=ofullfill&size=138x200&quality=95&direct=true&src=https%3A%2F%2Fcsearch-phinf.pstatic.net%2F20250328_169%2F1743131014639g2HRy_JPEG%2F360_main_thumb_url_1743131014610.jpg
"Nevertheless, the windmill runs : 그럼에도, 풍차는 돌아간다",2025.03.22.,2025.04.19.,이길이구 갤러리,https://search.pstatic.net/common?type=ofullfill&size=138x200&quality=95&direct=true&src=https%3A%2F%2Fcsearch-phinf.pstatic.net%2F20250327_129%2F1743057705245J35L7_PNG%2F360_main_thumb_url_1743057705188.png
Interhuman: 인간간,2025.04.02.,2025.04.14.,룩인사이드갤러리,https://search.pstatic.net/common?type=ofullfill&size=138x200&quality=95&direct=true&src=https%3A%2F%2Fcsearch-phinf.pstatic.net%2F20250327_127%2F1743056625806Lf5Sf_PNG%2F360_main_thumb_url_1743056625789.png
정하슬린 : Swan Table,2025.03.29.,2025.04.13.,아크원 갤러리,https://search.pstatic.net/common?type=ofullfill&size=138x200&quality=95&direct=true&src=https%3A%2F%2Fcsearch-phinf.pstatic.net%2F20250327_65%2F1743055020577xU0Io_PNG%2F360_main_thumb_url_1743055020535.png
색(色)과 결(結),2025.04.04.,2025.04.30.,삼원갤러리,https://search.pstatic.net/common?type=ofullfill&size=138x200&quality=95&direct=true&src=https%3A%2F%2Fcsearch-phinf.pstatic.net%2F20250327_203%2F1743053604851PWMWf_JPEG%2F360_main_thumb_url_1743053604707.jpg
안광식 : REBOM 다시 오나 봄,2025.03.29.,2025.04.20.,미기갤러리,https://search.pstatic.net/common?type=ofullfill&size=138x200&quality=95&direct=true&src=https%3A%2F%2Fcsearch-phinf.pstatic.net%2F20250327_179%2F1743052984105eORtP_PNG%2F360_main_thumb_url_1743052984091.png
녹는 땅에 피는 것들,2025.03.29.,2025.04.13.,무서록,https://search.pstatic.net/common?type=ofullfill&size=138x200&quality=95&direct=true&src=https%3A%2F%2Fcsearch-phinf.pstatic.net%2F20250327_49%2F1743047007262rKui9_JPEG%2F360_main_thumb_url_1743047007229.jpg
실과 라일락,2025.03.27.,2025.04.19.,스페이스앤트,https://search.pstatic.net/common?type=ofullfill&size=138x200&quality=95&direct=true&src=https%3A%2F%2Fcsearch-phinf.pstatic.net%2F20250326_297%2F1742967755545cFCn1_JPEG%2F360_main_thumb_url_1742967755535.jpg
식물이 동물을 먹는다,2025.03.20.,2025.04.12.,PS CENTER,https://search.pstatic.net/common?type=ofullfill&size=138x200&quality=95&direct=true&src=https%3A%2F%2Fcsearch-phinf.pstatic.net%2F20250326_25%2F1742965838795eSEl9_JPEG%2F360_main_thumb_url_1742965838779.jpg
박소정 : Soft Habit,2025.03.28.,2025.04.13.,오온,https://search.pstatic.net/common?type=ofullfill&size=138x200&quality=95&direct=true&src=https%3A%2F%2Fcsearch-phinf.pstatic.net%2F20250325_209%2F1742893917118zjENL_JPEG%2F360_main_thumb_url_1742893917040.jpg
Printemps,2025.04.01.,2025.04.30.,비아캔버스,https://search.pstatic.net/common?type=ofullfill&size=138x200&quality=95&direct=true&src=https%3A%2F%2Fcsearch-phinf.pstatic.net%2F20250325_129%2F1742893056303I2WBm_JPEG%2F360_main_thumb_url_1742893056268.jpg
Souls of Silence,2025.03.25.,2025.04.12.,아트살롱드아씨,https://search.pstatic.net/common?type=ofullfill&size=138x200&quality=95&direct=true&src=https%3A%2F%2Fcsearch-phinf.pstatic.net%2F20250325_70%2F1742882084600Tq4lc_PNG%2F360_main_thumb_url_1742882084591.png
목욕탕에 들어가려면 목욕을 하세요,2025.03.28.,2025.04.18.,히피 한남,https://search.pstatic.net/common?type=ofullfill&size=138x200&quality=95&direct=true&src=https%3A%2F%2Fcsearch-phinf.pstatic.net%2F20250325_107%2F1742880082146DyjUA_PNG%2F360_main_thumb_url_1742880082118.png
Something in the Air,2025.03.21.,2025.04.13.,YPC SPACE,https://search.pstatic.net/common?type=ofullfill&size=138x200&quality=95&direct=true&src=https%3A%2F%2Fcsearch-phinf.pstatic.net%2F20250325_232%2F1742875184377zuyAl_JPEG%2F360_main_thumb_url_1742875184367.jpg
still life: 그럼에도 불구하고 삶,2025.03.29.,2025.04.13.,갤러리온도,https://search.pstatic.net/common?type=ofullfill&size=138x200&quality=95&direct=true&src=https%3A%2F%2Fcsearch-phinf.pstatic.net%2F20250325_286%2F1742871915391K3UwS_JPEG%2F360_main_thumb_url_1742871915385.jpg
INNER POP: 내면을 그리다,2025.04.08.,2025.04.27.,갤러리몸,https://search.pstatic.net/common?type=ofullfill&size=138x200&quality=95&direct=true&src=https%3A%2F%2Fcsearch-phinf.pstatic.net%2F20250325_138%2F1742870660225BUr5M_JPEG%2F360_main_thumb_url_1742870660165.jpg
넌 내게 특별하고,2025.04.03.,2025.04.27.,MGFS100 갤러리,https://search.pstatic.net/common?type=ofullfill&size=138x200&quality=95&direct=true&src=https%3A%2F%2Fcsearch-phinf.pstatic.net%2F20250324_192%2F1742808166257aIbWN_JPEG%2F360_main_thumb_url_1742808166119.jpg
김영성 : Nothing. Life. Object (무.생.물),2025.03.28.,2025.04.26.,갤러리엠나인,https://search.pstatic.net/common?type=ofullfill&size=138x200&quality=95&direct=true&src=https%3A%2F%2Fcsearch-phinf.pstatic.net%2F20250324_228%2F1742804502913jIYsq_PNG%2F360_main_thumb_url_1742804502893.png
겉필링 : 출렁이는 좌표,2025.03.22.,2025.04.19.,서리풀청년아트갤러리,https://search.pstatic.net/common?type=ofullfill&size=138x200&quality=95&direct=true&src=https%3A%2F%2Fcsearch-phinf.pstatic.net%2F20250324_142%2F1742800558593G2qIz_JPEG%2F360_main_thumb_url_1742800558582.jpg
김진주 : 사랑을 담아,2025.03.24.,2025.04.17.,라이크디즈1601,https://search.pstatic.net/common?type=ofullfill&size=138x200&quality=95&direct=true&src=https%3A%2F%2Fcsearch-phinf.pstatic.net%2F20250324_8%2F1742800328774QGnSi_JPEG%2F360_main_thumb_url_1742800328750.jpg
태국 현대미술: 꿈과 사유,2025.04.05.,2025.04.20.,예술의전당 한가람미술관,https://search.pstatic.net/common?type=ofullfill&size=138x200&quality=95&direct=true&src=https%3A%2F%2Fcsearch-phinf.pstatic.net%2F20250324_254%2F1742784177508W12hH_JPEG%2F360_main_thumb_url_1742784177500.jpg
Chill of Peace,2025.03.19.,2025.04.13.,갤러리밈,https://search.pstatic.net/common?type=ofullfill&size=138x200&quality=95&direct=true&src=https%3A%2F%2Fcsearch-phinf.pstatic.net%2F20250324_76%2F1742783935906hEXvF_JPEG%2F360_main_thumb_url_1742783935891.jpg
변주하는 알고리즘,2025.04.02.,2025.04.12.,팩토리2,https://search.pstatic.net/common?type=ofullfill&size=138x200&quality=95&direct=true&src=https%3A%2F%2Fcsearch-phinf.pstatic.net%2F20250331_43%2F1743398811855MHa6B_PNG%2F360_36655910_main_thumb_url_1743398811846.png
"봄, 새로운 시작",2025.04.01.,2025.04.13.,8883아트스튜디오,https://search.pstatic.net/common?type=ofullfill&size=138x200&quality=95&direct=true&src=https%3A%2F%2Fcsearch-phinf.pstatic.net%2F20250321_242%2F1742523510576pOwoL_JPEG%2F360_main_thumb_url_1742523510544.jpg
예담화경,2025.04.01.,2025.04.25.,모두미술공간,https://search.pstatic.net/common?type=ofullfill&size=138x200&quality=95&direct=true&src=https%3A%2F%2Fcsearch-phinf.pstatic.net%2F20250320_40%2F1742451581425WTG26_PNG%2F360_main_thumb_url_1742451581368.png
나점수 개인전,2025.03.18.,2025.04.12.,아트스페이스3,https://search.pstatic.net/common?type=ofullfill&size=138x200&quality=95&direct=true&src=https%3A%2F%2Fcsearch-phinf.pstatic.net%2F20250317_148%2F1742180504296cijb0_PNG%2F360_main_thumb_url_1742180504191.png
XXTOPIA: 미래에 대한 공상,2025.03.26.,2025.04.12.,옥상팩토리,https://search.pstatic.net/common?type=ofullfill&size=138x200&quality=95&direct=true&src=https%3A%2F%2Fcsearch-phinf.pstatic.net%2F20250313_253%2F1741846824277ey4N5_JPEG%2F360_main_thumb_url_1741846824171.jpg
황도유 : 서른세송이,2025.03.14.,2025.04.12.,김리아갤러리,https://search.pstatic.net/common?type=ofullfill&size=138x200&quality=95&direct=true&src=https%3A%2F%2Fcsearch-phinf.pstatic.net%2F20250312_179%2F1741769322208p1Val_JPEG%2F360_main_thumb_url_1741769322103.jpg
진종환 : Afterglow,2025.03.20.,2025.04.18.,파이프갤러리,https://search.pstatic.net/common?type=ofullfill&size=138x200&quality=95&direct=true&src=https%3A%2F%2Fcsearch-phinf.pstatic.net%2F20250312_195%2F1741750518654kmIMG_JPEG%2F360_main_thumb_url_1741750518644.jpg
이지컴이지고,2025.03.15.,2025.04.12.,공간,https://search.pstatic.net/common?type=ofullfill&size=138x200&quality=95&direct=true&src=https%3A%2F%2Fcsearch-phinf.pstatic.net%2F20250311_100%2F1741660334543xAuC0_PNG%2F360_main_thumb_url_1741660334502.png
Rhythm of spring,2025.03.22.,2025.04.11.,갤러리엘르,https://search.pstatic.net/common?type=ofullfill&size=138x200&quality=95&direct=true&src=https%3A%2F%2Fcsearch-phinf.pstatic.net%2F20250310_57%2F1741585291893zggDj_JPEG%2F360_main_thumb_url_1741585291882.jpg
김기훈 : On the Journey,2025.04.09.,2025.04.19.,아트보다,https://search.pstatic.net/common?type=ofullfill&size=138x200&quality=95&direct=true&src=https%3A%2F%2Fcsearch-phinf.pstatic.net%2F20250304_166%2F174105884084928ofn_JPEG%2F360_main_thumb_url_1741058840809.jpg
디자인아트페어 2025,2025.04.08.,2025.04.16.,예술의전당 한가람미술관,https://search.pstatic.net/common?type=ofullfill&size=138x200&quality=95&direct=true&src=https%3A%2F%2Fcsearch-phinf.pstatic.net%2F20250314_29%2F1741923479516ELrBJ_PNG%2F360_33788450_main_thumb_url_1741923479487.png
봄빛소나타,2025.04.09.,2025.04.22.,갤러리AN,https://search.pstatic.net/common?type=ofullfill&size=138x200&quality=95&direct=true&src=https%3A%2F%2Fcsearch-phinf.pstatic.net%2F20250409_98%2F1744176417338GIrim_PNG%2F360_main_thumb_url_1744176417287.png
류수 : FULL BLOOM,2025.04.05.,2025.04.13.,아트스페이스트인,https://search.pstatic.net/common?type=ofullfill&size=138x200&quality=95&direct=true&src=https%3A%2F%2Fcsearch-phinf.pstatic.net%2F20250408_113%2F17440791289688mOTg_JPEG%2F360_main_thumb_url_1744079128948.jpg
진실을 향한 광장의 빛,2025.04.09.,2025.04.26.,효로인디아트홀 소극장,https://search.pstatic.net/common?type=ofullfill&size=138x200&quality=95&direct=true&src=https%3A%2F%2Fcsearch-phinf.pstatic.net%2F20250404_140%2F1743758205107ADmzI_PNG%2F360_main_thumb_url_1743758205100.png
이정호 개인전,2025.04.01.,2025.04.27.,M543 Cafe. Gallery,https://search.pstatic.net/common?type=ofullfill&size=138x200&quality=95&direct=true&src=https%3A%2F%2Fcsearch-phinf.pstatic.net%2F20250404_295%2F17437514492718FcXI_PNG%2F360_main_thumb_url_1743751449206.png
잇다 : 자연과 인공 사이,2025.04.09.,2025.04.20.,이지갤러리,https://search.pstatic.net/common?type=ofullfill&size=138x200&quality=95&direct=true&src=https%3A%2F%2Fcsearch-phinf.pstatic.net%2F20250404_110%2F1743738524662A4DEK_JPEG%2F360_main_thumb_url_1743738524626.jpg
PALETTE: 우리가 사는 세상 2025,2025.04.08.,2025.04.26.,소다미술관,https://search.pstatic.net/common?type=ofullfill&size=138x200&quality=95&direct=true&src=https%3A%2F%2Fcsearch-phinf.pstatic.net%2F20250402_289%2F1743573151246lNO1j_PNG%2F360_main_thumb_url_1743573151237.png
추구(地/紙)점,2025.04.05.,2025.04.27.,예술협동조합이루,https://search.pstatic.net/common?type=ofullfill&size=138x200&quality=95&direct=true&src=https%3A%2F%2Fcsearch-phinf.pstatic.net%2F20250401_77%2F1743486768111g523R_JPEG%2F360_main_thumb_url_1743486768037.jpg
땅거미가 지는 곳 Tending To Dusk,2025.04.06.,2025.05.04.,영주맨션,https://search.pstatic.net/common?type=ofullfill&size=138x200&quality=95&direct=true&src=https%3A%2F%2Fcsearch-phinf.pstatic.net%2F20250401_128%2F1743479852751HTU9F_PNG%2F360_main_thumb_url_1743479852629.png
My Favorite Time to Stroll,2025.03.26.,2025.04.20.,솔트갤러리,https://search.pstatic.net/common?type=ofullfill&size=138x200&quality=95&direct=true&src=https%3A%2F%2Fcsearch-phinf.pstatic.net%2F20250401_285%2F17434791771223fpCi_JPEG%2F360_main_thumb_url_1743479177088.jpg
이윤숙 : 생명의 소리 - On & Off,2025.04.05.,2025.04.17.,예술공간 아름,https://search.pstatic.net/common?type=ofullfill&size=138x200&quality=95&direct=true&src=https%3A%2F%2Fcsearch-phinf.pstatic.net%2F20250401_100%2F1743475296779fFTm8_PNG%2F360_main_thumb_url_1743475296742.png
우리도 쌓여가는 모래처럼 : I heard the Whisper of Sand,2025.04.09.,2025.05.04.,오브제후드,https://search.pstatic.net/common?type=ofullfill&size=138x200&quality=95&direct=true&src=https%3A%2F%2Fcsearch-phinf.pstatic.net%2F20250401_221%2F1743474382605QLdVX_PNG%2F360_main_thumb_url_1743474382571.png
"바람 (wind, wish)",2025.04.03.,2025.04.30.,아트리에 헤이리,https://search.pstatic.net/common?type=ofullfill&size=138x200&quality=95&direct=true&src=https%3A%2F%2Fcsearch-phinf.pstatic.net%2F20250401_130%2F1743473935826VCKhr_JPEG%2F360_main_thumb_url_1743473935813.jpg
"BLUE VISION: 우리의 빛, 우리의 시선",2025.03.25.,2025.04.15.,갤러리 하이,https://search.pstatic.net/common?type=ofullfill&size=138x200&quality=95&direct=true&src=https%3A%2F%2Fcsearch-phinf.pstatic.net%2F20250331_163%2F1743391383702gzlRx_JPEG%2F360_main_thumb_url_1743391383681.jpg
홍현아 개인전,2025.04.01.,2025.04.12.,레드부츠 갤러리,https://search.pstatic.net/common?type=ofullfill&size=138x200&quality=95&direct=true&src=https%3A%2F%2Fcsearch-phinf.pstatic.net%2F20250331_88%2F17433886130106h1XU_PNG%2F360_main_thumb_url_1743388612962.png
신재흥 : 자작나무 展,2025.03.27.,2025.04.17.,갤러리티,https://search.pstatic.net/common?type=ofullfill&size=138x200&quality=95&direct=true&src=https%3A%2F%2Fcsearch-phinf.pstatic.net%2F20250327_66%2F1743058330527x27Ey_JPEG%2F360_main_thumb_url_1743058330518.jpg
이한중 조각전,2025.04.04.,2025.04.16.,복합문화예술공간MERGE,https://search.pstatic.net/common?type=ofullfill&size=138x200&quality=95&direct=true&src=https%3A%2F%2Fcsearch-phinf.pstatic.net%2F20250327_111%2F1743046691532nLzHL_JPEG%2F360_main_thumb_url_1743046691448.jpg
송태석 : My story,2025.03.25.,2025.04.15.,갤러리티,https://search.pstatic.net/common?type=ofullfill&size=138x200&quality=95&direct=true&src=https%3A%2F%2Fcsearch-phinf.pstatic.net%2F20250326_260%2F17429589864106bz6J_JPEG%2F360_main_thumb_url_1742958986385.jpg
여근섭 초대전,2025.04.01.,2025.04.15.,이젤갤러리,https://search.pstatic.net/common?type=ofullfill&size=138x200&quality=95&direct=true&src=https%3A%2F%2Fcsearch-phinf.pstatic.net%2F20250325_8%2F1742893656473TVz6c_JPEG%2F360_main_thumb_url_1742893656443.jpg
책과 고양이가 있는 풍경,2025.04.01.,2025.04.29.,청년창조발전소고고씽Job,https://search.pstatic.net/common?type=ofullfill&size=138x200&quality=95&direct=true&src=https%3A%2F%2Fcsearch-phinf.pstatic.net%2F20250325_245%2F1742892821951u2sOF_JPEG%2F360_main_thumb_url_1742892821943.jpg
숨가쁘게 돌아가는 일상 속의 숨 고르기,2025.04.08.,2025.04.13.,성남아트센터,https://search.pstatic.net/common?type=ofullfill&size=138x200&quality=95&direct=true&src=https%3A%2F%2Fcsearch-phinf.pstatic.net%2F20250325_243%2F17428713705256Qo75_JPEG%2F360_main_thumb_url_1742871370518.jpg
Dream: 우리가 사는 별,2025.03.29.,2025.04.19.,부산광역시교육청 학생예술문화회관 영도놀이마루,https://search.pstatic.net/common?type=ofullfill&size=138x200&quality=95&direct=true&src=https%3A%2F%2Fcsearch-phinf.pstatic.net%2F20250324_41%2F174280784769613Jbz_JPEG%2F360_main_thumb_url_1742807847624.jpg
민지현 개인전,2025.04.03.,2025.04.26.,마리나 갤러리,https://search.pstatic.net/common?type=ofullfill&size=138x200&quality=95&direct=true&src=https%3A%2F%2Fcsearch-phinf.pstatic.net%2F20250324_26%2F1742787859526U4jee_JPEG%2F360_main_thumb_url_1742787859506.jpg
이희원 : 한밤의 태양,2025.03.22.,2025.04.11.,낭만시간연구소,https://search.pstatic.net/common?type=ofullfill&size=138x200&quality=95&direct=true&src=https%3A%2F%2Fcsearch-phinf.pstatic.net%2F20250317_123%2F1742175582796vfgcl_PNG%2F360_main_thumb_url_1742175582785.png
ACC에 반한 스케치,2025.04.08.,2025.04.20.,국립아시아문화전당,https://search.pstatic.net/common?type=ofullfill&size=138x200&quality=95&direct=true&src=https%3A%2F%2Fcsearch-phinf.pstatic.net%2F20250409_120%2F1744176044467C5Yye_JPEG%2F360_main_thumb_url_1744176044459.jpg
Never tell anybody outside the family,2025.04.03.,2025.04.28.,신세계갤러리 신세계백화점대구점,https://search.pstatic.net/common?type=ofullfill&size=138x200&quality=95&direct=true&src=https%3A%2F%2Fcsearch-phinf.pstatic.net%2F20250409_120%2F1744175534547o0keH_PNG%2F360_main_thumb_url_1744175534513.png
암스테르담의 카페/ cafe in Amsterdam,2025.04.08.,2025.04.27.,schengenartgallery,https://search.pstatic.net/common?type=ofullfill&size=138x200&quality=95&direct=true&src=https%3A%2F%2Fcsearch-phinf.pstatic.net%2F20250407_116%2F1744005248830Qev2B_PNG%2F360_main_thumb_url_1744005248767.png
"다시, 봄",2025.03.30.,2025.04.25.,갤러리 오브제 카페,https://search.pstatic.net/common?type=ofullfill&size=138x200&quality=95&direct=true&src=https%3A%2F%2Fcsearch-phinf.pstatic.net%2F20250331_85%2F1743400715799MuyyV_PNG%2F360_main_thumb_url_1743400715692.png
"연화, 가장 아름다운 찰나",2025.04.03.,2025.04.22.,미지의,https://search.pstatic.net/common?type=ofullfill&size=138x200&quality=95&direct=true&src=https%3A%2F%2Fcsearch-phinf.pstatic.net%2F20250331_188%2F1743387411822OxXK7_JPEG%2F360_main_thumb_url_1743387411802.jpg
박경실 : 도마쟁이의 마음나들이,2025.04.01.,2025.04.13.,대구스포츠기념관,https://search.pstatic.net/common?type=ofullfill&size=138x200&quality=95&direct=true&src=https%3A%2F%2Fcsearch-phinf.pstatic.net%2F20250328_153%2F1743141689346yYg2h_JPEG%2F360_main_thumb_url_1743141689336.jpg
한보라 : 사랑은 콩나물처럼,2025.04.09.,2025.04.15.,대전 MBC,https://search.pstatic.net/common?type=ofullfill&size=138x200&quality=95&direct=true&src=https%3A%2F%2Fcsearch-phinf.pstatic.net%2F20250326_146%2F1742966935107f5i7A_JPEG%2F360_main_thumb_url_1742966935095.jpg
박성휘 : The women story,2025.03.31.,2025.04.18.,자미갤러리,https://search.pstatic.net/common?type=ofullfill&size=138x200&quality=95&direct=true&src=https%3A%2F%2Fcsearch-phinf.pstatic.net%2F20250326_139%2F17429614095832B8Bk_JPEG%2F360_main_thumb_url_1742961409560.jpg
Blue arirang (푸른아리랑),2025.03.31.,2025.04.13.,젠갤러리카페,https://search.pstatic.net/common?type=ofullfill&size=138x200&quality=95&direct=true&src=https%3A%2F%2Fcsearch-phinf.pstatic.net%2F20250325_155%2F1742874549125b8uF7_JPEG%2F360_main_thumb_url_1742874549099.jpg
"빛과 색, 그녀들의 이야기",2025.03.28.,2025.04.13.,아리아갤러리,https://search.pstatic.net/common?type=ofullfill&size=138x200&quality=95&direct=true&src=https%3A%2F%2Fcsearch-phinf.pstatic.net%2F20250325_224%2F1742870436370pmGBl_JPEG%2F360_main_thumb_url_1742870436348.jpg
박준하 : 한잔 & 여유 II,2025.04.07.,2025.04.13.,갤러리큐,https://search.pstatic.net/common?type=ofullfill&size=138x200&quality=95&direct=true&src=https%3A%2F%2Fcsearch-phinf.pstatic.net%2F20250317_263%2F1742197184153Xk8Pt_JPEG%2F360_main_thumb_url_1742197184043.jpg
송윤경 개인전,2025.04.08.,2025.04.13.,서학동사진미술관,https://search.pstatic.net/common?type=ofullfill&size=138x200&quality=95&direct=true&src=https%3A%2F%2Fcsearch-phinf.pstatic.net%2F20250409_111%2F1744179070360H648y_JPEG%2F360_main_thumb_url_1744179070238.jpg
자연의 숨소리를 담다,2025.04.01.,2025.04.30.,KR갤러리,https://search.pstatic.net/common?type=ofullfill&size=138x200&quality=95&direct=true&src=https%3A%2F%2Fcsearch-phinf.pstatic.net%2F20250402_145%2F1743565377386WpoPK_JPEG%2F360_main_thumb_url_1743565377328.jpg
사랑을 그려야 할 때,2025.04.10.,2025.04.19.,비오케이아트센터,https://search.pstatic.net/common?type=ofullfill&size=138x200&quality=95&direct=true&src=https%3A%2F%2Fcsearch-phinf.pstatic.net%2F20250328_118%2F1743133245450M6RNR_JPEG%2F360_main_thumb_url_1743133245432.jpg
개나리아트페어 2025,2025.04.04.,2025.04.13.,개나리미술관,https://search.pstatic.net/common?type=ofullfill&size=138x200&quality=95&direct=true&src=https%3A%2F%2Fcsearch-phinf.pstatic.net%2F20250327_148%2F1743047963146VVVEA_JPEG%2F360_main_thumb_url_1743047963137.jpg
"태고의 땅 몽골, 유목민의 영혼을 그리다",2025.03.23.,2025.04.15.,문화공간 기린,https://search.pstatic.net/common?type=ofullfill&size=138x200&quality=95&direct=true&src=https%3A%2F%2Fcsearch-phinf.pstatic.net%2F20250324_8%2F1742788445759jpDxw_JPEG%2F360_main_thumb_url_1742788445746.jpg
류덕호 : 먼 곳,2025.03.24.,2025.04.20.,갤러리 허송세월,https://search.pstatic.net/common?type=ofullfill&size=138x200&quality=95&direct=true&src=https%3A%2F%2Fcsearch-phinf.pstatic.net%2F20250213_251%2F1739428557346IUx35_PNG%2F360_main_thumb_url_1739428557329.png
이금숙 : 선線이 하나가되어,2025.04.10.,2025.04.20.,돌담갤러리,https://search.pstatic.net/common?type=ofullfill&size=138x200&quality=95&direct=true&src=https%3A%2F%2Fcsearch-phinf.pstatic.net%2F20250409_182%2F1744167642758WtxIs_PNG%2F360_main_thumb_url_1744167642653.png
流花 유화-흐르는 꽃,2025.04.04.,2025.05.10.,매스갤러리 한남,https://search.pstatic.net/common?type=ofullfill&size=138x200&quality=95&direct=true&src=https%3A%2F%2Fcsearch-phinf.pstatic.net%2F20250409_188%2F17441814239608u1Jp_JPEG%2F360_main_thumb_url_1744181423943.jpg
"여기, 마음이 쉬어 가는 곳",2025.03.30.,2025.05.09.,아트문갤러리,https://search.pstatic.net/common?type=ofullfill&size=138x200&quality=95&direct=true&src=https%3A%2F%2Fcsearch-phinf.pstatic.net%2F20250409_89%2F174417931940840iE8_JPEG%2F360_main_thumb_url_1744179319364.jpg
세계유산과 한양의 수도성곽,2025.04.08.,2025.07.06.,한양도성박물관,https://search.pstatic.net/common?type=ofullfill&size=138x200&quality=95&direct=true&src=https%3A%2F%2Fcsearch-phinf.pstatic.net%2F20250409_21%2F1744178312682gLbLX_JPEG%2F360_main_thumb_url_1744178312553.jpg
권용래 : ETERNAL FLAME,2025.04.10.,2025.05.10.,갤러리조은,https://search.pstatic.net/common?type=ofullfill&size=138x200&quality=95&direct=true&src=https%3A%2F%2Fcsearch-phinf.pstatic.net%2F20250409_162%2F1744177740951c4f29_JPEG%2F360_main_thumb_url_1744177740942.jpg
"미니버스, 오르트 구름, ㄷ떨:안녕인사",2025.04.10.,2025.05.18.,아르코미술관,https://search.pstatic.net/common?type=ofullfill&size=138x200&quality=95&direct=true&src=https%3A%2F%2Fcsearch-phinf.pstatic.net%2F20250409_117%2F1744170874343mesLB_JPEG%2F360_main_thumb_url_1744170874333.jpg
Moving Life,2025.04.09.,2025.05.30.,갤러리밈,https://search.pstatic.net/common?type=ofullfill&size=138x200&quality=95&direct=true&src=https%3A%2F%2Fcsearch-phinf.pstatic.net%2F20250409_191%2F1744168583237LMIUC_JPEG%2F360_main_thumb_url_1744168583208.jpg
젊은 시각 새로운 시선 2025,2025.04.10.,2025.07.06.,성곡미술관,https://search.pstatic.net/common?type=ofullfill&size=138x200&quality=95&direct=true&src=https%3A%2F%2Fcsearch-phinf.pstatic.net%2F20250409_26%2F17441683042363wf61_JPEG%2F360_main_thumb_url_1744168304210.jpg
그림 속의 자연 畫中自然,2025.04.10.,2025.07.06.,성곡미술관,https://search.pstatic.net/common?type=ofullfill&size=138x200&quality=95&direct=true&src=https%3A%2F%2Fcsearch-phinf.pstatic.net%2F20250409_127%2F17441680171928mGf6_JPEG%2F360_36755679_main_thumb_url_1744168016905.jpg
이은비 : The Garden of Colors,2025.04.02.,2025.05.28.,호텔스카이파크 킹스타운 동대문점,https://search.pstatic.net/common?type=ofullfill&size=138x200&quality=95&direct=true&src=https%3A%2F%2Fcsearch-phinf.pstatic.net%2F20250408_300%2F1744104588026WgCHP_PNG%2F360_main_thumb_url_1744104587956.png
신예원 : 주름진 도시,2025.03.28.,2025.05.11.,서울공예박물관,https://search.pstatic.net/common?type=ofullfill&size=138x200&quality=95&direct=true&src=https%3A%2F%2Fcsearch-phinf.pstatic.net%2F20250408_112%2F1744101979930xN5v4_JPEG%2F360_main_thumb_url_1744101979909.jpg
조각가의 사람들,2025.04.10.,2025.06.28.,성북구립 최만린미술관,https://search.pstatic.net/common?type=ofullfill&size=138x200&quality=95&direct=true&src=https%3A%2F%2Fcsearch-phinf.pstatic.net%2F20250408_216%2F1744084911180zmRYd_JPEG%2F360_main_thumb_url_1744084911146.jpg
APRIL FOOLS 4: ECHOES OF UNSEEN,2025.04.05.,2025.05.05.,플로어,https://search.pstatic.net/common?type=ofullfill&size=138x200&quality=95&direct=true&src=https%3A%2F%2Fcsearch-phinf.pstatic.net%2F20250408_171%2F1744084302379yzrCT_JPEG%2F360_main_thumb_url_1744084302355.jpg
The World Beyond,2025.04.05.,2025.05.06.,이엔갤러리,https://search.pstatic.net/common?type=ofullfill&size=138x200&quality=95&direct=true&src=https%3A%2F%2Fcsearch-phinf.pstatic.net%2F20250408_29%2F1744079615699HPavd_JPEG%2F360_main_thumb_url_1744079615519.jpg
조선민화전,2025.03.27.,2025.06.29.,아모레퍼시픽미술관,https://search.pstatic.net/common?type=ofullfill&size=138x200&quality=95&direct=true&src=https%3A%2F%2Fcsearch-phinf.pstatic.net%2F20250404_244%2F1743756149004nhpSu_JPEG%2F360_main_thumb_url_1743756148962.jpg
구민지 : 시간을 넘어 깨어나는 존재 : Ethereal Awakening,2025.03.27.,2025.05.03.,갤러리자유,https://search.pstatic.net/common?type=ofullfill&size=138x200&quality=95&direct=true&src=https%3A%2F%2Fcsearch-phinf.pstatic.net%2F20250404_137%2F1743747645095tp5iD_JPEG%2F360_main_thumb_url_1743747645056.jpg
정원극 #2. 숭고한 도약,2025.03.28.,2025.04.28.,스윙화이트,https://search.pstatic.net/common?type=ofullfill&size=138x200&quality=95&direct=true&src=https%3A%2F%2Fcsearch-phinf.pstatic.net%2F20250404_84%2F174373825236667UC1_JPEG%2F360_main_thumb_url_1743738252208.jpg
미래에서 만난 근대 1900-1980,2025.03.27.,2025.05.30.,JN GALLERY,https://search.pstatic.net/common?type=ofullfill&size=138x200&quality=95&direct=true&src=https%3A%2F%2Fcsearch-phinf.pstatic.net%2F20250404_286%2F1743736754582UCUIn_PNG%2F360_main_thumb_url_1743736754560.png
"공연예술, 시대를 담다",2025.04.02.,2025.06.15.,대한민국역사박물관,https://search.pstatic.net/common?type=ofullfill&size=138x200&quality=95&direct=true&src=https%3A%2F%2Fcsearch-phinf.pstatic.net%2F20250402_78%2F17435753537834hrg9_JPEG%2F360_main_thumb_url_1743575353770.jpg
August is the cruelest,2025.04.02.,2025.05.10.,두산갤러리,https://search.pstatic.net/common?type=ofullfill&size=138x200&quality=95&direct=true&src=https%3A%2F%2Fcsearch-phinf.pstatic.net%2F20250402_20%2F1743574336655vtI5n_JPEG%2F360_main_thumb_url_1743574336609.jpg
Jane Massey : With You,2025.04.04.,2025.05.10.,한솥 아트스페이스,https://search.pstatic.net/common?type=ofullfill&size=138x200&quality=95&direct=true&src=https%3A%2F%2Fcsearch-phinf.pstatic.net%2F20250401_141%2F1743485680798R5BVS_JPEG%2F360_main_thumb_url_1743485680778.jpg
살에 붙는 그림 Flesh on canvas,2025.03.27.,2025.05.04.,에브리데이몬데이 갤러리,https://search.pstatic.net/common?type=ofullfill&size=138x200&quality=95&direct=true&src=https%3A%2F%2Fcsearch-phinf.pstatic.net%2F20250331_103%2F17433936263237SivO_JPEG%2F360_main_thumb_url_1743393626311.jpg
Cotton candy,2025.04.01.,2025.05.10.,디크레센도,https://search.pstatic.net/common?type=ofullfill&size=138x200&quality=95&direct=true&src=https%3A%2F%2Fcsearch-phinf.pstatic.net%2F20250331_300%2F1743393277700O1yDE_JPEG%2F360_main_thumb_url_1743393277671.jpg
김승우 : Seize the Moment,2025.02.24.,2025.04.26.,하우스서울,https://search.pstatic.net/common?type=ofullfill&size=138x200&quality=95&direct=true&src=https%3A%2F%2Fcsearch-phinf.pstatic.net%2F20250331_61%2F1743390318611JGv8P_JPEG%2F360_main_thumb_url_1743390318603.jpg
신선주 개인전,2025.04.08.,2025.06.28.,나스 컨템포러리,https://search.pstatic.net/common?type=ofullfill&size=138x200&quality=95&direct=true&src=https%3A%2F%2Fcsearch-phinf.pstatic.net%2F20250331_71%2F17433863358069XEFd_JPEG%2F360_main_thumb_url_1743386335786.jpg
박지원 : Organically,2025.04.03.,2025.05.09.,토마스 파크 클럼지 플레이스,https://search.pstatic.net/common?type=ofullfill&size=138x200&quality=95&direct=true&src=https%3A%2F%2Fcsearch-phinf.pstatic.net%2F20250328_34%2F17431418918012VoWq_JPEG%2F360_main_thumb_url_1743141891761.jpg
Playful Whim,2025.04.01.,2025.05.31.,H.art LAB 89,https://search.pstatic.net/common?type=ofullfill&size=138x200&quality=95&direct=true&src=https%3A%2F%2Fcsearch-phinf.pstatic.net%2F20250328_263%2F1743141270943L17b3_JPEG%2F360_main_thumb_url_1743141270881.jpg
2025 금호영아티스트 1부,2025.03.21.,2025.04.27.,금호미술관,https://search.pstatic.net/common?type=ofullfill&size=138x200&quality=95&direct=true&src=https%3A%2F%2Fcsearch-phinf.pstatic.net%2F20250328_261%2F1743138572108aJto4_JPEG%2F360_main_thumb_url_1743138572065.jpg
INKONG ARCHIVE,2025.03.26.,2025.05.10.,피비갤러리,https://search.pstatic.net/common?type=ofullfill&size=138x200&quality=95&direct=true&src=https%3A%2F%2Fcsearch-phinf.pstatic.net%2F20250328_35%2F1743132214455qRf8z_JPEG%2F360_main_thumb_url_1743132214383.jpg
필동갤러리 20세기 판화전,2025.03.05.,2025.04.30.,필동갤러리,https://search.pstatic.net/common?type=ofullfill&size=138x200&quality=95&direct=true&src=https%3A%2F%2Fcsearch-phinf.pstatic.net%2F20250328_230%2F1743131803040AIX1O_JPEG%2F360_main_thumb_url_1743131802977.jpg
추상적인 인식자,2025.03.27.,2025.05.16.,KF갤러리,https://search.pstatic.net/common?type=ofullfill&size=138x200&quality=95&direct=true&src=https%3A%2F%2Fcsearch-phinf.pstatic.net%2F20250327_101%2F1743056263340QxRoW_JPEG%2F360_main_thumb_url_1743056263296.jpg
Ritual and Improvisation: Late Works by Hermann Nitsch,2025.03.22.,2025.05.31.,페레스프로젝트,https://search.pstatic.net/common?type=ofullfill&size=138x200&quality=95&direct=true&src=https%3A%2F%2Fcsearch-phinf.pstatic.net%2F20250326_69%2F1742968536641aSGab_JPEG%2F360_main_thumb_url_1742968536627.jpg
TWO ARTISTS,2025.03.15.,2025.04.19.,메타갤러리 라루나,https://search.pstatic.net/common?type=ofullfill&size=138x200&quality=95&direct=true&src=https%3A%2F%2Fcsearch-phinf.pstatic.net%2F20250325_228%2F1742894965748NBnYC_PNG%2F360_main_thumb_url_1742894965659.png
빈 자리를 채우는 말,2025.03.27.,2025.05.03.,에브리아트,https://search.pstatic.net/common?type=ofullfill&size=138x200&quality=95&direct=true&src=https%3A%2F%2Fcsearch-phinf.pstatic.net%2F20250325_58%2F1742873846190W7HN8_JPEG%2F360_36660123_main_thumb_url_1742873846097.jpg
DIALOGUES,2025.03.27.,2025.05.03.,에브리아트,https://search.pstatic.net/common?type=ofullfill&size=138x200&quality=95&direct=true&src=https%3A%2F%2Fcsearch-phinf.pstatic.net%2F20250325_128%2F1742873642903oyALp_JPEG%2F360_main_thumb_url_1742873642875.jpg
"류민자, 생명의 노래",2025.03.21.,2025.05.04.,해프닝 서울,https://search.pstatic.net/common?type=ofullfill&size=138x200&quality=95&direct=true&src=https%3A%2F%2Fcsearch-phinf.pstatic.net%2F20250325_22%2F1742869657318yKN5O_PNG%2F360_main_thumb_url_1742869657274.png
얽힘의 실재,2025.03.24.,2025.04.26.,서리풀 휴(休) 갤러리,https://search.pstatic.net/common?type=ofullfill&size=138x200&quality=95&direct=true&src=https%3A%2F%2Fcsearch-phinf.pstatic.net%2F20250324_255%2F1742801105413xFyY7_JPEG%2F360_36656436_main_thumb_url_1742801105402.jpg
"도자회화, 가구를 만나다",2025.03.08.,2025.04.27.,KP갤러리온,https://search.pstatic.net/common?type=ofullfill&size=138x200&quality=95&direct=true&src=https%3A%2F%2Fcsearch-phinf.pstatic.net%2F20250324_40%2F1742785608759XfTns_PNG%2F360_main_thumb_url_1742785608664.png
모두의 바다 Where the Line is Drawn,2025.03.19.,2025.05.02.,라니앤컴퍼니,https://search.pstatic.net/common?type=ofullfill&size=138x200&quality=95&direct=true&src=https%3A%2F%2Fcsearch-phinf.pstatic.net%2F20250321_95%2F1742527345231dG1n1_JPEG%2F360_main_thumb_url_1742527345151.jpg
소소한 행복을 차곡차곡 모아서,2025.04.08.,2025.05.11.,어티피컬,https://search.pstatic.net/common?type=ofullfill&size=138x200&quality=95&direct=true&src=https%3A%2F%2Fcsearch-phinf.pstatic.net%2F20250321_3%2F1742524473100nl3Cf_JPEG%2F360_main_thumb_url_1742524473086.jpg
고동치는 대지: 조문자,2025.03.27.,2025.05.25.,성북구립미술관,https://search.pstatic.net/common?type=ofullfill&size=138x200&quality=95&direct=true&src=https%3A%2F%2Fcsearch-phinf.pstatic.net%2F20250321_56%2F1742522212779A2GMu_PNG%2F360_main_thumb_url_1742522212763.png
두번째 피부,2025.03.20.,2025.04.30.,원앤제이 갤러리,https://search.pstatic.net/common?type=ofullfill&size=138x200&quality=95&direct=true&src=https%3A%2F%2Fcsearch-phinf.pstatic.net%2F20250320_25%2F1742441770159Tpd2l_PNG%2F360_main_thumb_url_1742441770098.png
하종현 개인전,2025.03.20.,2025.05.11.,국제갤러리,https://search.pstatic.net/common?type=ofullfill&size=138x200&quality=95&direct=true&src=https%3A%2F%2Fcsearch-phinf.pstatic.net%2F20250320_80%2F1742441536356j69kI_JPEG%2F360_main_thumb_url_1742441536340.jpg
축제 Festival,2025.04.09.,2025.07.06.,스페이스K 서울,https://search.pstatic.net/common?type=ofullfill&size=138x200&quality=95&direct=true&src=https%3A%2F%2Fcsearch-phinf.pstatic.net%2F20250320_28%2F1742440561635GiFKA_PNG%2F360_main_thumb_url_1742440561614.png
the gradient,2025.03.21.,2025.04.25.,눈 컨템포러리,https://search.pstatic.net/common?type=ofullfill&size=138x200&quality=95&direct=true&src=https%3A%2F%2Fcsearch-phinf.pstatic.net%2F20250319_112%2F17423664059853i00V_JPEG%2F360_main_thumb_url_1742366405975.jpg
"플롯, 블롭, 플롭 (Plot, Blop, Plop)",2025.03.21.,2025.06.01.,아뜰리에 에르메스,https://search.pstatic.net/common?type=ofullfill&size=138x200&quality=95&direct=true&src=https%3A%2F%2Fcsearch-phinf.pstatic.net%2F20250319_196%2F1742363959764mBn3Y_JPEG%2F360_main_thumb_url_1742363959649.jpg
영등포 미디어아트 페스티벌 : 꽃,2025.03.24.,2025.05.25.,영등포아트스퀘어,https://search.pstatic.net/common?type=ofullfill&size=138x200&quality=95&direct=true&src=https%3A%2F%2Fcsearch-phinf.pstatic.net%2F20250319_160%2F1742362884293b15md_JPEG%2F360_main_thumb_url_1742362884284.jpg
김근태 개인전,2025.03.13.,2025.04.30.,리안갤러리 서울,https://search.pstatic.net/common?type=ofullfill&size=138x200&quality=95&direct=true&src=https%3A%2F%2Fcsearch-phinf.pstatic.net%2F20250318_208%2F1742275901641bS7yv_JPEG%2F360_main_thumb_url_1742275901629.jpg
강명희-방문 Visit,2025.03.04.,2025.06.08.,서울시립미술관,https://search.pstatic.net/common?type=ofullfill&size=138x200&quality=95&direct=true&src=https%3A%2F%2Fcsearch-phinf.pstatic.net%2F20250318_154%2F1742270240911NkL75_JPEG%2F360_main_thumb_url_1742270240892.jpg
쏘지마! 최루탄!,2025.03.14.,2025.05.25.,이한열기념관,https://search.pstatic.net/common?type=ofullfill&size=138x200&quality=95&direct=true&src=https%3A%2F%2Fcsearch-phinf.pstatic.net%2F20250318_180%2F17422671720721dEEL_JPEG%2F360_main_thumb_url_1742267172053.jpg
공산품미학 part 2. Good Appearance,2025.03.13.,2025.06.01.,동대문디자인플라자뮤지엄,https://search.pstatic.net/common?type=ofullfill&size=138x200&quality=95&direct=true&src=https%3A%2F%2Fcsearch-phinf.pstatic.net%2F20250318_23%2F1742266406776CF0S3_JPEG%2F360_main_thumb_url_1742266406721.jpg
끌림과 쓰임에 '적합한지',2025.03.18.,2025.04.25.,페이퍼익스프레스,https://search.pstatic.net/common?type=ofullfill&size=138x200&quality=95&direct=true&src=https%3A%2F%2Fcsearch-phinf.pstatic.net%2F20250317_162%2F1742200366289GeqI7_JPEG%2F360_main_thumb_url_1742200366281.jpg
스와 블루,2025.03.20.,2025.04.24.,레이블갤러리,https://search.pstatic.net/common?type=ofullfill&size=138x200&quality=95&direct=true&src=https%3A%2F%2Fcsearch-phinf.pstatic.net%2F20250317_20%2F17422001210568Qdmt_JPEG%2F360_main_thumb_url_1742200121041.jpg
"민화, 오늘의 이야기",2025.03.18.,2025.05.10.,김세중미술관,https://search.pstatic.net/common?type=ofullfill&size=138x200&quality=95&direct=true&src=https%3A%2F%2Fcsearch-phinf.pstatic.net%2F20250317_96%2F1742183672749SCNbA_JPEG%2F360_main_thumb_url_1742183672726.jpg
봄이 오는,2025.03.13.,2025.06.13.,진동,https://search.pstatic.net/common?type=ofullfill&size=138x200&quality=95&direct=true&src=https%3A%2F%2Fcsearch-phinf.pstatic.net%2F20250317_131%2F17421821130966uQ8i_PNG%2F360_main_thumb_url_1742182113058.png
선과 획 사이,2025.04.04.,2025.06.08.,김종영미술관,https://search.pstatic.net/common?type=ofullfill&size=138x200&quality=95&direct=true&src=https%3A%2F%2Fcsearch-phinf.pstatic.net%2F20250317_113%2F1742176425930NN3JT_JPEG%2F360_main_thumb_url_1742176425905.jpg
Ice Breakers,2025.03.13.,2025.04.15.,탑골미술관,https://search.pstatic.net/common?type=ofullfill&size=138x200&quality=95&direct=true&src=https%3A%2F%2Fcsearch-phinf.pstatic.net%2F20250314_15%2F1741930615680IHXH8_JPEG%2F360_main_thumb_url_1741930615670.jpg
The Art of Meditation 명상의 예술,2025.03.19.,2025.04.22.,갤러리 일호,https://search.pstatic.net/common?type=ofullfill&size=138x200&quality=95&direct=true&src=https%3A%2F%2Fcsearch-phinf.pstatic.net%2F20250314_222%2F1741923228299PjFdJ_JPEG%2F360_main_thumb_url_1741923228291.jpg
자연국가,2025.03.20.,2025.05.11.,국제갤러리,https://search.pstatic.net/common?type=ofullfill&size=138x200&quality=95&direct=true&src=https%3A%2F%2Fcsearch-phinf.pstatic.net%2F20250314_67%2F1741920328988BWsVF_JPEG%2F360_main_thumb_url_1741920328905.jpg
내 동심의 세계로,2025.03.13.,2025.05.03.,흰물결갤러리,https://search.pstatic.net/common?type=ofullfill&size=138x200&quality=95&direct=true&src=https%3A%2F%2Fcsearch-phinf.pstatic.net%2F20250313_89%2F1741845260615CDpgk_JPEG%2F360_main_thumb_url_1741845260501.jpg
"시간의 결, 예술의 흔적",2025.03.13.,2025.04.26.,유나갤러리 서울,https://search.pstatic.net/common?type=ofullfill&size=138x200&quality=95&direct=true&src=https%3A%2F%2Fcsearch-phinf.pstatic.net%2F20250313_257%2F1741838438789L0Ci8_JPEG%2F360_main_thumb_url_1741838438781.jpg
이미주 : 탐구생활: 숨겨진 실타래,2025.03.21.,2025.04.30.,서정아트 서울,https://search.pstatic.net/common?type=ofullfill&size=138x200&quality=95&direct=true&src=https%3A%2F%2Fcsearch-phinf.pstatic.net%2F20250313_241%2F1741837849343dxSv5_JPEG%2F360_main_thumb_url_1741837849332.jpg
VIEW & VISION,2025.03.11.,2025.04.19.,서인갤러리,https://search.pstatic.net/common?type=ofullfill&size=138x200&quality=95&direct=true&src=https%3A%2F%2Fcsearch-phinf.pstatic.net%2F20250313_252%2F1741833871408QqX7j_JPEG%2F360_main_thumb_url_1741833871337.jpg
획: Stroke,2025.03.13.,2025.04.12.,디아 컨템포러리,https://search.pstatic.net/common?type=ofullfill&size=138x200&quality=95&direct=true&src=https%3A%2F%2Fcsearch-phinf.pstatic.net%2F20250312_184%2F1741767897232fYOHb_PNG%2F360_main_thumb_url_1741767897107.png
정창섭 권대섭 2인전,2025.03.06.,2025.04.20.,조현화랑 서울,https://search.pstatic.net/common?type=ofullfill&size=138x200&quality=95&direct=true&src=https%3A%2F%2Fcsearch-phinf.pstatic.net%2F20250311_85%2F1741685546283tF0DJ_JPEG%2F360_main_thumb_url_1741685546274.jpg
히타이트,2025.03.08.,2025.06.08.,한성백제박물관,https://search.pstatic.net/common?type=ofullfill&size=138x200&quality=95&direct=true&src=https%3A%2F%2Fcsearch-phinf.pstatic.net%2F20250311_217%2F1741662591172X4yl0_JPEG%2F360_main_thumb_url_1741662591143.jpg
일장춘몽 (一場春夢),2025.03.14.,2025.04.19.,에이치플럭스,https://search.pstatic.net/common?type=ofullfill&size=138x200&quality=95&direct=true&src=https%3A%2F%2Fcsearch-phinf.pstatic.net%2F20250310_281%2F1741589191468fnX4f_PNG%2F360_main_thumb_url_1741589191453.png
NEW HIGHS,2025.03.06.,2025.04.30.,기아 언플러그드 그라운드,https://search.pstatic.net/common?type=ofullfill&size=138x200&quality=95&direct=true&src=https%3A%2F%2Fcsearch-phinf.pstatic.net%2F20250310_121%2F17415855992390yD0J_PNG%2F360_main_thumb_url_1741585599225.png
"굴절, 파장",2025.03.20.,2025.04.19.,갤러리더씨,https://search.pstatic.net/common?type=ofullfill&size=138x200&quality=95&direct=true&src=https%3A%2F%2Fcsearch-phinf.pstatic.net%2F20250310_58%2F1741583278758J8IvN_JPEG%2F360_main_thumb_url_1741583278746.jpg
합성열병 synthetic fever,2025.03.19.,2025.06.28.,스페이스 씨,https://search.pstatic.net/common?type=ofullfill&size=138x200&quality=95&direct=true&src=https%3A%2F%2Fcsearch-phinf.pstatic.net%2F20250307_86%2F17413398475205j939_PNG%2F360_main_thumb_url_1741339847501.png
88 DOUBLES,2025.03.06.,2025.04.16.,오우도,https://search.pstatic.net/common?type=ofullfill&size=138x200&quality=95&direct=true&src=https%3A%2F%2Fcsearch-phinf.pstatic.net%2F20250306_18%2F1741242576140ay4dY_JPEG%2F360_main_thumb_url_1741242576009.jpg
"寒樹, 고요한 맥박",2025.03.13.,2025.05.04.,우리옛돌박물관,https://search.pstatic.net/common?type=ofullfill&size=138x200&quality=95&direct=true&src=https%3A%2F%2Fcsearch-phinf.pstatic.net%2F20250305_13%2F1741160984697dNOpi_JPEG%2F360_main_thumb_url_1741160984689.jpg
홍일화 : 가야의 숲,2025.03.07.,2025.04.11.,갤러리마리,https://search.pstatic.net/common?type=ofullfill&size=138x200&quality=95&direct=true&src=https%3A%2F%2Fcsearch-phinf.pstatic.net%2F20250305_113%2F1741153415742heb6r_JPEG%2F360_main_thumb_url_1741153415590.jpg
하이퍼 옐로우,2025.02.28.,2025.04.20.,일민미술관,https://search.pstatic.net/common?type=ofullfill&size=138x200&quality=95&direct=true&src=https%3A%2F%2Fcsearch-phinf.pstatic.net%2F20250304_88%2F1741055686971nHGhd_JPEG%2F360_main_thumb_url_1741055686961.jpg
A Powerful Pure Day,2025.03.01.,2025.04.19.,KT&G 상상마당,https://search.pstatic.net/common?type=ofullfill&size=138x200&quality=95&direct=true&src=https%3A%2F%2Fcsearch-phinf.pstatic.net%2F20250304_2%2F1741054334975K9vND_JPEG%2F360_main_thumb_url_1741054334945.jpg
도쿄卍리벤저스展,2025.03.29.,2025.06.29.,덕스,https://search.pstatic.net/common?type=ofullfill&size=138x200&quality=95&direct=true&src=https%3A%2F%2Fcsearch-phinf.pstatic.net%2F20250228_230%2F1740735076763VBk56_JPEG%2F360_main_thumb_url_1740735076753.jpg
"별밤, 이고르 오를로프 전",2025.03.06.,2025.05.04.,갤러리까르찌나,https://search.pstatic.net/common?type=ofullfill&size=138x200&quality=95&direct=true&src=https%3A%2F%2Fcsearch-phinf.pstatic.net%2F20250228_190%2F1740721503627X3V8y_PNG%2F360_main_thumb_url_1740721503600.png
티틴: 다시 만난 세계,2025.03.14.,2025.04.25.,노블레스 컬렉션,https://search.pstatic.net/common?type=ofullfill&size=138x200&quality=95&direct=true&src=https%3A%2F%2Fcsearch-phinf.pstatic.net%2F20250227_24%2F17406477755573XJYi_PNG%2F360_main_thumb_url_1740647775512.png
19+16,2025.03.04.,2025.06.28.,통일부남북통합문화센터,https://search.pstatic.net/common?type=ofullfill&size=138x200&quality=95&direct=true&src=https%3A%2F%2Fcsearch-phinf.pstatic.net%2F20250227_201%2F17406468922433jSPc_PNG%2F360_main_thumb_url_1740646892183.png
천경우 : Bird Listener,2025.03.01.,2025.05.25.,롯데백화점 잠실점,https://search.pstatic.net/common?type=ofullfill&size=138x200&quality=95&direct=true&src=https%3A%2F%2Fcsearch-phinf.pstatic.net%2F20250226_271%2F1740538654391vgdgp_PNG%2F360_main_thumb_url_1740538654271.png
나는 웃으며 잠에서 깼다 I woke up laughing,2025.03.08.,2025.04.19.,아트센터 예술의 시간,https://search.pstatic.net/common?type=ofullfill&size=138x200&quality=95&direct=true&src=https%3A%2F%2Fcsearch-phinf.pstatic.net%2F20250226_123%2F1740534660520ASVct_JPEG%2F360_main_thumb_url_1740534660496.jpg
필립 콜버트 : PRINTS AND EDITIONS,2025.03.13.,2025.04.19.,아트조선스페이스,https://search.pstatic.net/common?type=ofullfill&size=138x200&quality=95&direct=true&src=https%3A%2F%2Fcsearch-phinf.pstatic.net%2F20250307_162%2F1741338610909twzO9_JPEG%2F360_36548927_main_thumb_url_1741338610882.jpg
PIXAR ART COLLECTION : Magic for Love,2025.02.27.,2025.05.18.,MPX GALLERY,https://search.pstatic.net/common?type=ofullfill&size=138x200&quality=95&direct=true&src=https%3A%2F%2Fcsearch-phinf.pstatic.net%2F20250409_279%2F1744166856768YicIG_JPEG%2F360_36534747_main_thumb_url_1744166856737.jpg
로봇드림: 백남준 팩토리 아카이브,2025.03.05.,2025.04.27.,세종문화회관 미술관,https://search.pstatic.net/common?type=ofullfill&size=138x200&quality=95&direct=true&src=https%3A%2F%2Fcsearch-phinf.pstatic.net%2F20250220_176%2F17400289534823eVLt_JPEG%2F360_main_thumb_url_1740028953468.jpg
"미음완보, 전통정원을 거닐다",2025.02.24.,2025.04.27.,세종문화회관 미술관,https://search.pstatic.net/common?type=ofullfill&size=138x200&quality=95&direct=true&src=https%3A%2F%2Fcsearch-phinf.pstatic.net%2F20250220_97%2F17400286447546qBFz_JPEG%2F360_main_thumb_url_1740028644744.jpg
유현경 : 나는 피안으로 간다,2025.02.28.,2025.04.11.,갤러리JJ,https://search.pstatic.net/common?type=ofullfill&size=138x200&quality=95&direct=true&src=https%3A%2F%2Fcsearch-phinf.pstatic.net%2F20250220_13%2F1740023684098TgA3B_JPEG%2F360_main_thumb_url_1740023684078.jpg
티베트의 불교공예,2025.03.04.,2025.06.29.,화정박물관,https://search.pstatic.net/common?type=ofullfill&size=138x200&quality=95&direct=true&src=https%3A%2F%2Fcsearch-phinf.pstatic.net%2F20250214_229%2F1739523994953BHFtj_JPEG%2F360_main_thumb_url_1739523994943.jpg
반 고흐 인사이드: 더 씨어터,2025.02.07.,2025.04.20.,그라운드시소 명동,https://search.pstatic.net/common?type=ofullfill&size=138x200&quality=95&direct=true&src=https%3A%2F%2Fcsearch-phinf.pstatic.net%2F20250213_258%2F1739428839922KVcaN_JPEG%2F360_main_thumb_url_1739428839905.jpg
"바람이 불어오는 곳 : The Wind Blows, Hope Begins",2025.02.07.,2025.04.13.,롯데백화점 본점,https://search.pstatic.net/common?type=ofullfill&size=138x200&quality=95&direct=true&src=https%3A%2F%2Fcsearch-phinf.pstatic.net%2F20250213_38%2F1739413536033yC0qJ_PNG%2F360_main_thumb_url_1739413535894.png
이비 : 비츠로의 초대,2025.03.17.,2025.05.07.,서울서부지방법원,https://search.pstatic.net/common?type=ofullfill&size=138x200&quality=95&direct=true&src=https%3A%2F%2Fcsearch-phinf.pstatic.net%2F20250212_98%2F17393435867485Wbeq_JPEG%2F360_main_thumb_url_1739343586705.jpg
갤러리탐 59기 : 김묘빈 개인전,2025.01.25.,2025.04.30.,탐앤탐스 창동본점,https://search.pstatic.net/common?type=ofullfill&size=138x200&quality=95&direct=true&src=https%3A%2F%2Fcsearch-phinf.pstatic.net%2F20250211_72%2F1739263536958JLCo4_JPEG%2F360_main_thumb_url_1739263536932.jpg
갤러리탐 59기 : 루시드로잉 개인전,2025.01.18.,2025.04.30.,탐앤탐스 블랙그레이트점,https://search.pstatic.net/common?type=ofullfill&size=138x200&quality=95&direct=true&src=https%3A%2F%2Fcsearch-phinf.pstatic.net%2F20250211_31%2F1739263320130KFes8_JPEG%2F360_main_thumb_url_1739263320074.jpg
이재삼 : 달빛녹취록 2020-2024,2025.02.19.,2025.04.20.,사비나미술관,https://search.pstatic.net/common?type=ofullfill&size=138x200&quality=95&direct=true&src=https%3A%2F%2Fcsearch-phinf.pstatic.net%2F20250211_150%2F1739255092956m2Rep_JPEG%2F360_main_thumb_url_1739255092897.jpg
아르누보의 꽃 : 알폰스 무하 원화전,2025.03.20.,2025.07.13.,마이아트뮤지엄,https://search.pstatic.net/common?type=ofullfill&size=138x200&quality=95&direct=true&src=https%3A%2F%2Fcsearch-phinf.pstatic.net%2F20250211_124%2F1739242372145JhAA5_JPEG%2F360_main_thumb_url_1739242372059.jpg
새들의 그림정원,2025.03.04.,2025.06.29.,화정박물관,https://search.pstatic.net/common?type=ofullfill&size=138x200&quality=95&direct=true&src=https%3A%2F%2Fcsearch-phinf.pstatic.net%2F20250211_160%2F1739240534275eSU2z_JPEG%2F360_main_thumb_url_1739240534258.jpg
무기세 (武器世),2025.02.06.,2025.05.04.,서울대학교미술관,https://search.pstatic.net/common?type=ofullfill&size=138x200&quality=95&direct=true&src=https%3A%2F%2Fcsearch-phinf.pstatic.net%2F20250210_7%2F1739174441858yfA28_PNG%2F360_main_thumb_url_1739174441848.png
알바로 베링턴 : Soul to Seoul,2025.02.14.,2025.04.12.,타데우스 로팍 서울,https://search.pstatic.net/common?type=ofullfill&size=138x200&quality=95&direct=true&src=https%3A%2F%2Fcsearch-phinf.pstatic.net%2F20250210_263%2F1739159246610hpsn1_JPEG%2F360_main_thumb_url_1739159246504.jpg
위대한 뮤지션 100인 전 Vol.1,2025.02.15.,2025.05.11.,현대백화점 무역센터점,https://search.pstatic.net/common?type=ofullfill&size=138x200&quality=95&direct=true&src=https%3A%2F%2Fcsearch-phinf.pstatic.net%2F20250205_204%2F17387339560584Vaw5_JPEG%2F360_main_thumb_url_1738733956037.jpg
Love of Life,2025.01.15.,2025.04.11.,아트밸류 갤러리,https://search.pstatic.net/common?type=ofullfill&size=138x200&quality=95&direct=true&src=https%3A%2F%2Fcsearch-phinf.pstatic.net%2F20250204_3%2F1738637952292NOYu8_JPEG%2F360_main_thumb_url_1738637952251.jpg
TV 애니메이션 최애의 아이展,2025.03.22.,2025.06.08.,덕스,https://search.pstatic.net/common?type=ofullfill&size=138x200&quality=95&direct=true&src=https%3A%2F%2Fcsearch-phinf.pstatic.net%2F20250131_292%2F1738305643500lgs53_JPEG%2F360_main_thumb_url_1738305643447.jpg
생동하는 선,2025.01.22.,2025.04.18.,무아,https://search.pstatic.net/common?type=ofullfill&size=138x200&quality=95&direct=true&src=https%3A%2F%2Fcsearch-phinf.pstatic.net%2F20250122_209%2F1737512277677KlVlC_PNG%2F360_main_thumb_url_1737512277650.png
사물들의 힘,2025.01.13.,2025.04.25.,스페이스 이수,https://search.pstatic.net/common?type=ofullfill&size=138x200&quality=95&direct=true&src=https%3A%2F%2Fcsearch-phinf.pstatic.net%2F20250114_264%2F1736837488140XWi4A_JPEG%2F360_main_thumb_url_1736837488091.jpg
"인상파, 모네에서 미국으로: 빛, 바다를 건너다",2025.02.15.,2025.05.26.,ALT.1 더현대서울현대백화점,https://search.pstatic.net/common?type=ofullfill&size=138x200&quality=95&direct=true&src=https%3A%2F%2Fcsearch-phinf.pstatic.net%2F20250108_218%2F17362989901085JLXM_JPEG%2F360_main_thumb_url_1736298990051.jpg
말끔하다: 월전 장우성의 산수화,2025.04.10.,2025.07.13.,이천시립월전미술관,https://search.pstatic.net/common?type=ofullfill&size=138x200&quality=95&direct=true&src=https%3A%2F%2Fcsearch-phinf.pstatic.net%2F20250409_72%2F1744182071064vGpip_PNG%2F360_main_thumb_url_1744182070699.png
나를 두른 울타리,2025.04.10.,2025.05.23.,제이 무브먼트 갤러리,https://search.pstatic.net/common?type=ofullfill&size=138x200&quality=95&direct=true&src=https%3A%2F%2Fcsearch-phinf.pstatic.net%2F20250408_174%2F1744092120249B7L08_JPEG%2F360_main_thumb_url_1744092120154.jpg
이보윤 : 브라보 마이 라이프,2025.03.10.,2025.04.30.,갤러리탐 롯데백화점 중동점,https://search.pstatic.net/common?type=ofullfill&size=138x200&quality=95&direct=true&src=https%3A%2F%2Fcsearch-phinf.pstatic.net%2F20250408_100%2F1744083056701doHbM_JPEG%2F360_main_thumb_url_1744083056639.jpg
살구씨 : Blooming,2025.04.01.,2025.06.30.,유치환의우체통,https://search.pstatic.net/common?type=ofullfill&size=138x200&quality=95&direct=true&src=https%3A%2F%2Fcsearch-phinf.pstatic.net%2F20250404_168%2F1743748775175bnYFl_JPEG%2F360_main_thumb_url_1743748775134.jpg
甲 of 甲 부산 갑옷,2025.04.08.,2025.05.11.,부산박물관,https://search.pstatic.net/common?type=ofullfill&size=138x200&quality=95&direct=true&src=https%3A%2F%2Fcsearch-phinf.pstatic.net%2F20250404_285%2F174374737695960Unr_PNG%2F360_main_thumb_url_1743747376935.png
DRAW ME A SHEEP,2025.03.31.,2025.06.30.,몬스터스토리지 인천역점,https://search.pstatic.net/common?type=ofullfill&size=138x200&quality=95&direct=true&src=https%3A%2F%2Fcsearch-phinf.pstatic.net%2F20250404_167%2F17437463996402YKtD_PNG%2F360_main_thumb_url_1743746399622.png
"생태통로 : 생명의 길, 공존의 길",2025.04.05.,2025.06.28.,김포평화문화관,https://search.pstatic.net/common?type=ofullfill&size=138x200&quality=95&direct=true&src=https%3A%2F%2Fcsearch-phinf.pstatic.net%2F20250402_129%2F1743572624791rGqCe_PNG%2F360_main_thumb_url_1743572624756.png
POP-Bridge : Korea x Japan,2025.04.10.,2025.06.22.,금정문화회관 금샘미술관,https://search.pstatic.net/common?type=ofullfill&size=138x200&quality=95&direct=true&src=https%3A%2F%2Fcsearch-phinf.pstatic.net%2F20250402_82%2F1743565913532bxqD4_JPEG%2F360_main_thumb_url_1743565913511.jpg
정중동 靜中動: Motion in stillness,2025.03.12.,2025.05.12.,웨트러스트,https://search.pstatic.net/common?type=ofullfill&size=138x200&quality=95&direct=true&src=https%3A%2F%2Fcsearch-phinf.pstatic.net%2F20250328_39%2F17431436690739Cdh2_JPEG%2F360_main_thumb_url_1743143669025.jpg
"황금빛 영원, 색채의 선율",2025.04.01.,2025.05.31.,김포미디어아트센터,https://search.pstatic.net/common?type=ofullfill&size=138x200&quality=95&direct=true&src=https%3A%2F%2Fcsearch-phinf.pstatic.net%2F20250326_137%2F1742968782808tXARK_JPEG%2F360_main_thumb_url_1742968782782.jpg
감각 너머 예술,2025.04.04.,2025.06.28.,갤러리 끼 PAJU,https://search.pstatic.net/common?type=ofullfill&size=138x200&quality=95&direct=true&src=https%3A%2F%2Fcsearch-phinf.pstatic.net%2F20250326_141%2F1742960472348Xj9Mk_JPEG%2F360_main_thumb_url_1742960472263.jpg
매화 오니 봄이 피네,2025.03.26.,2025.06.14.,작은미술관 보구곶,https://search.pstatic.net/common?type=ofullfill&size=138x200&quality=95&direct=true&src=https%3A%2F%2Fcsearch-phinf.pstatic.net%2F20250325_279%2F1742872628506umGh1_JPEG%2F360_main_thumb_url_1742872628491.jpg
한글실험프로젝트 <근대한글연구소>,2025.04.01.,2025.06.29.,김포아트빌리지,https://search.pstatic.net/common?type=ofullfill&size=138x200&quality=95&direct=true&src=https%3A%2F%2Fcsearch-phinf.pstatic.net%2F20250325_124%2F1742872414891MJ1wh_PNG%2F360_main_thumb_url_1742872414880.png
봄의 전령 나비와 미리 만나 봄,2025.02.18.,2025.04.20.,일월수목원 방문자센터(햇빛정원),https://search.pstatic.net/common?type=ofullfill&size=138x200&quality=95&direct=true&src=https%3A%2F%2Fcsearch-phinf.pstatic.net%2F20250324_48%2F1742805258084qbLhl_JPEG%2F360_main_thumb_url_1742805258075.jpg
Vivid Touch,2025.04.05.,2025.05.10.,갤러리 플레이리스트,https://search.pstatic.net/common?type=ofullfill&size=138x200&quality=95&direct=true&src=https%3A%2F%2Fcsearch-phinf.pstatic.net%2F20250324_51%2F1742800342560u9hau_JPEG%2F360_main_thumb_url_1742800342549.jpg
Layers of,2025.04.05.,2025.05.10.,갤러리 플레이리스트,https://search.pstatic.net/common?type=ofullfill&size=138x200&quality=95&direct=true&src=https%3A%2F%2Fcsearch-phinf.pstatic.net%2F20250324_120%2F17427963989586VQxX_JPEG%2F360_main_thumb_url_1742796398830.jpg
"그리움의 풍경, 희망의 빛",2025.03.15.,2025.04.30.,애기봉평화생태공원,https://search.pstatic.net/common?type=ofullfill&size=138x200&quality=95&direct=true&src=https%3A%2F%2Fcsearch-phinf.pstatic.net%2F20250321_234%2F1742527966323Q5L0c_JPEG%2F360_main_thumb_url_1742527966296.jpg
In Your Dreams,2025.03.07.,2025.05.23.,덴아트갤러리,https://search.pstatic.net/common?type=ofullfill&size=138x200&quality=95&direct=true&src=https%3A%2F%2Fcsearch-phinf.pstatic.net%2F20250319_227%2F1742367325765jjslc_JPEG%2F360_main_thumb_url_1742367325753.jpg
(...)그럼에도 불구하고(   ),2025.04.08.,2025.06.21.,트라이보울,https://search.pstatic.net/common?type=ofullfill&size=138x200&quality=95&direct=true&src=https%3A%2F%2Fcsearch-phinf.pstatic.net%2F20250319_161%2F1742355772630WcrYu_JPEG%2F360_main_thumb_url_1742355772567.jpg
세븐 이퀄 시그마,2025.03.23.,2025.04.26.,아이테르 범일가옥,https://search.pstatic.net/common?type=ofullfill&size=138x200&quality=95&direct=true&src=https%3A%2F%2Fcsearch-phinf.pstatic.net%2F20250318_72%2F1742267378693XPnIK_JPEG%2F360_main_thumb_url_1742267378662.jpg
프레데릭 루시앙,2025.03.21.,2025.05.11.,어컴퍼니,https://search.pstatic.net/common?type=ofullfill&size=138x200&quality=95&direct=true&src=https%3A%2F%2Fcsearch-phinf.pstatic.net%2F20250317_259%2F1742200869916Vik0W_JPEG%2F360_main_thumb_url_1742200869853.jpg
Jupiter,2025.03.15.,2025.04.27.,카린갤러리,https://search.pstatic.net/common?type=ofullfill&size=138x200&quality=95&direct=true&src=https%3A%2F%2Fcsearch-phinf.pstatic.net%2F20250317_42%2F17421914138454VhRL_JPEG%2F360_main_thumb_url_1742191413828.jpg
SPRING WONDERS,2025.03.15.,2025.04.20.,카린갤러리,https://search.pstatic.net/common?type=ofullfill&size=138x200&quality=95&direct=true&src=https%3A%2F%2Fcsearch-phinf.pstatic.net%2F20250317_244%2F1742191109928i0tND_JPEG%2F360_main_thumb_url_1742191109859.jpg
우리가 잃어버린 것들,2025.03.15.,2025.04.26.,아트소향,https://search.pstatic.net/common?type=ofullfill&size=138x200&quality=95&direct=true&src=https%3A%2F%2Fcsearch-phinf.pstatic.net%2F20250317_287%2F1742179869924fgraD_JPEG%2F360_main_thumb_url_1742179869914.jpg
소장품섬_최찬숙: 밋찌나,2025.03.29.,2025.06.29.,부산현대미술관,https://search.pstatic.net/common?type=ofullfill&size=138x200&quality=95&direct=true&src=https%3A%2F%2Fcsearch-phinf.pstatic.net%2F20250317_174%2F1742177427878SbO1O_JPEG%2F360_main_thumb_url_1742177427830.jpg
이은정 개인전,2025.03.15.,2025.05.09.,딥슬립커피,https://search.pstatic.net/common?type=ofullfill&size=138x200&quality=95&direct=true&src=https%3A%2F%2Fcsearch-phinf.pstatic.net%2F20250314_198%2F1741933395798I2hrV_PNG%2F360_main_thumb_url_1741933395748.png
김덕용 : 우주를 품다,2025.03.13.,2025.05.20.,소울아트스페이스,https://search.pstatic.net/common?type=ofullfill&size=138x200&quality=95&direct=true&src=https%3A%2F%2Fcsearch-phinf.pstatic.net%2F20250310_30%2F1741596171407YjpuL_JPEG%2F360_main_thumb_url_1741596171288.jpg
인천미술은행 신소장품전,2025.03.14.,2025.04.13.,우리미술관,https://search.pstatic.net/common?type=ofullfill&size=138x200&quality=95&direct=true&src=https%3A%2F%2Fcsearch-phinf.pstatic.net%2F20250304_213%2F1741069080126VIVRX_JPEG%2F360_main_thumb_url_1741069080098.jpg
청동 투구를 쓴 소년,2025.02.27.,2025.06.16.,모카가든,https://search.pstatic.net/common?type=ofullfill&size=138x200&quality=95&direct=true&src=https%3A%2F%2Fcsearch-phinf.pstatic.net%2F20250304_123%2F1741066567747uvJli_JPEG%2F360_main_thumb_url_1741066567727.jpg
Eternal Moments,2025.03.07.,2025.04.13.,서정아트 부산,https://search.pstatic.net/common?type=ofullfill&size=138x200&quality=95&direct=true&src=https%3A%2F%2Fcsearch-phinf.pstatic.net%2F20250228_264%2F1740730275822Ey9ew_JPEG%2F360_main_thumb_url_1740730275791.jpg
평화 문해력,2025.03.01.,2025.05.18.,소현문,https://search.pstatic.net/common?type=ofullfill&size=138x200&quality=95&direct=true&src=https%3A%2F%2Fcsearch-phinf.pstatic.net%2F20250228_134%2F1740714464993AXOGh_JPEG%2F360_main_thumb_url_1740714464953.jpg
Connect: Art and Design,2025.03.06.,2025.04.19.,앤갤러리,https://search.pstatic.net/common?type=ofullfill&size=138x200&quality=95&direct=true&src=https%3A%2F%2Fcsearch-phinf.pstatic.net%2F20250228_150%2F17407127227303NxOg_PNG%2F360_main_thumb_url_1740712722677.png
봄소품,2025.03.06.,2025.04.12.,갤러리위,https://search.pstatic.net/common?type=ofullfill&size=138x200&quality=95&direct=true&src=https%3A%2F%2Fcsearch-phinf.pstatic.net%2F20250227_123%2F1740648187383EczOu_JPEG%2F360_main_thumb_url_1740648187374.jpg
두께없는 동전,2025.01.20.,2025.05.10.,송정마리나,https://search.pstatic.net/common?type=ofullfill&size=138x200&quality=95&direct=true&src=https%3A%2F%2Fcsearch-phinf.pstatic.net%2F20250227_190%2F1740643404200FHtmi_JPEG%2F360_main_thumb_url_1740643404189.jpg
채성필 : 물의 초상,2025.03.05.,2025.04.30.,데이트갤러리,https://search.pstatic.net/common?type=ofullfill&size=138x200&quality=95&direct=true&src=https%3A%2F%2Fcsearch-phinf.pstatic.net%2F20250227_80%2F1740642197825QLtAP_JPEG%2F360_36558094_main_thumb_url_1740642197815.jpg
우당탕탕 아빠가 만든 놀이터 시즌2,2025.03.24.,2025.05.03.,군포문화예술회관,https://search.pstatic.net/common?type=ofullfill&size=138x200&quality=95&direct=true&src=https%3A%2F%2Fcsearch-phinf.pstatic.net%2F20250225_261%2F1740466324269voDNm_JPEG%2F360_main_thumb_url_1740466324257.jpg
한국 현대 구상미술의 단면:사실과 재구성展,2025.03.07.,2025.05.06.,양평군립미술관,https://search.pstatic.net/common?type=ofullfill&size=138x200&quality=95&direct=true&src=https%3A%2F%2Fcsearch-phinf.pstatic.net%2F20250224_286%2F1740374069538hs3JG_PNG%2F360_main_thumb_url_1740374069509.png
Here i stand for you,2025.02.22.,2025.04.30.,이랜드갤러리 헤이리,https://search.pstatic.net/common?type=ofullfill&size=138x200&quality=95&direct=true&src=https%3A%2F%2Fcsearch-phinf.pstatic.net%2F20250221_149%2F1740109955220GFtPC_JPEG%2F360_main_thumb_url_1740109955146.jpg
봄사무소 특별전,2025.03.11.,2025.06.12.,동구 문화플랫폼,https://search.pstatic.net/common?type=ofullfill&size=138x200&quality=95&direct=true&src=https%3A%2F%2Fcsearch-phinf.pstatic.net%2F20250317_8%2F1742192721444O68RH_JPEG%2F360_36529628_main_thumb_url_1742192721438.jpg
Echo: 관계의 울림,2025.02.12.,2025.04.27.,아트센터 화이트블럭,https://search.pstatic.net/common?type=ofullfill&size=138x200&quality=95&direct=true&src=https%3A%2F%2Fcsearch-phinf.pstatic.net%2F20250214_146%2F1739500144008aVu57_PNG%2F360_main_thumb_url_1739500143967.png
소유 X 공유,2025.01.08.,2025.04.27.,구하우스 미술관,https://search.pstatic.net/common?type=ofullfill&size=138x200&quality=95&direct=true&src=https%3A%2F%2Fcsearch-phinf.pstatic.net%2F20250113_201%2F1736736149897J2auR_PNG%2F360_main_thumb_url_1736736149856.png
이상훈 TV 토이뮤지엄,2025.02.21.,2025.05.31.,AK플라자 수원,https://search.pstatic.net/common?type=ofullfill&size=138x200&quality=95&direct=true&src=https%3A%2F%2Fcsearch-phinf.pstatic.net%2F20250217_193%2F1739764177650jMkDx_JPEG%2F360_36222370_main_thumb_url_1739764177604.jpg
이영란의 감성체험 가루나무모래흙 인천,2025.04.05.,2025.06.29.,남동소래아트홀,https://search.pstatic.net/common?type=ofullfill&size=138x200&quality=95&direct=true&src=https%3A%2F%2Fcsearch-phinf.pstatic.net%2F20240214_69%2F1707877759450IU5hE_JPEG%2F360_18611436_main_thumb_url_1707877759435.jpg
이이남의 산수극장,2025.04.04.,2025.07.06.,국립아시아문화전당,https://search.pstatic.net/common?type=ofullfill&size=138x200&quality=95&direct=true&src=https%3A%2F%2Fcsearch-phinf.pstatic.net%2F20250404_11%2F1743744515046PLTuW_JPEG%2F360_main_thumb_url_1743744515036.jpg
봄사무소 : 초록빛 하루,2025.04.03.,2025.05.14.,라이크디즈위드 교동점,https://search.pstatic.net/common?type=ofullfill&size=138x200&quality=95&direct=true&src=https%3A%2F%2Fcsearch-phinf.pstatic.net%2F20250404_68%2F1743743875652fwXty_JPEG%2F360_main_thumb_url_1743743875635.jpg
Face to Face : 마주하다.,2025.03.31.,2025.07.11.,잇츠룸 갤러리카페,https://search.pstatic.net/common?type=ofullfill&size=138x200&quality=95&direct=true&src=https%3A%2F%2Fcsearch-phinf.pstatic.net%2F20250401_37%2F1743478539741wBkXN_JPEG%2F360_main_thumb_url_1743478539717.jpg
Delight - 환희를 향한 시간과 기억의 미학,2025.04.04.,2025.05.25.,무등현대미술관,https://search.pstatic.net/common?type=ofullfill&size=138x200&quality=95&direct=true&src=https%3A%2F%2Fcsearch-phinf.pstatic.net%2F20250331_112%2F1743389422534WwMBX_JPEG%2F360_main_thumb_url_1743389422513.jpg
Immersed in the Painting,2025.03.29.,2025.05.11.,윤선갤러리,https://search.pstatic.net/common?type=ofullfill&size=138x200&quality=95&direct=true&src=https%3A%2F%2Fcsearch-phinf.pstatic.net%2F20250328_272%2F17431304782119sm9v_JPEG%2F360_main_thumb_url_1743130478184.jpg
코드F489 : 예술가의 처방전,2025.04.10.,2025.05.17.,예술공간RGA,https://search.pstatic.net/common?type=ofullfill&size=138x200&quality=95&direct=true&src=https%3A%2F%2Fcsearch-phinf.pstatic.net%2F20250325_111%2F1742880795221f2NBG_JPEG%2F360_main_thumb_url_1742880795212.jpg
자연은 그렇다 환경은 그렇지 않다,2025.03.28.,2025.04.27.,광주예술의전당,https://search.pstatic.net/common?type=ofullfill&size=138x200&quality=95&direct=true&src=https%3A%2F%2Fcsearch-phinf.pstatic.net%2F20250325_81%2F1742872188593N2OVk_JPEG%2F360_main_thumb_url_1742872188582.jpg
둥근달 밤 이야기,2025.04.01.,2025.05.28.,별밤미술관 in선운,https://search.pstatic.net/common?type=ofullfill&size=138x200&quality=95&direct=true&src=https%3A%2F%2Fcsearch-phinf.pstatic.net%2F20250324_210%2F1742796581933bpoV4_JPEG%2F360_main_thumb_url_1742796581883.jpg
황혼에서 새벽까지,2025.04.01.,2025.05.28.,별밤미술관 in신창,https://search.pstatic.net/common?type=ofullfill&size=138x200&quality=95&direct=true&src=https%3A%2F%2Fcsearch-phinf.pstatic.net%2F20250324_237%2F1742796061311xmShf_JPEG%2F360_main_thumb_url_1742796061300.jpg
마음,2025.04.01.,2025.05.28.,별밤미술관in운남,https://search.pstatic.net/common?type=ofullfill&size=138x200&quality=95&direct=true&src=https%3A%2F%2Fcsearch-phinf.pstatic.net%2F20250324_225%2F1742795846487a5KNi_JPEG%2F360_main_thumb_url_1742795846474.jpg
희망-공간 속으로,2025.04.01.,2025.05.28.,별밤미술관 in수완,https://search.pstatic.net/common?type=ofullfill&size=138x200&quality=95&direct=true&src=https%3A%2F%2Fcsearch-phinf.pstatic.net%2F20250324_117%2F1742794807446W6YgF_JPEG%2F360_main_thumb_url_1742794807435.jpg
수묵사유展,2025.04.01.,2025.05.28.,별밤미술관 in 첨단,https://search.pstatic.net/common?type=ofullfill&size=138x200&quality=95&direct=true&src=https%3A%2F%2Fcsearch-phinf.pstatic.net%2F20250324_292%2F1742794567577VOp5U_JPEG%2F360_main_thumb_url_1742794567547.jpg
묘한 시선,2025.03.19.,2025.04.22.,라이크디즈위드 김광석거리점,https://search.pstatic.net/common?type=ofullfill&size=138x200&quality=95&direct=true&src=https%3A%2F%2Fcsearch-phinf.pstatic.net%2F20250319_68%2F1742361714513FY5Wy_JPEG%2F360_main_thumb_url_1742361714496.jpg
하이터치,2025.03.18.,2025.04.29.,북구예술창작소 소금나루2014,https://search.pstatic.net/common?type=ofullfill&size=138x200&quality=95&direct=true&src=https%3A%2F%2Fcsearch-phinf.pstatic.net%2F20250319_247%2F1742356292438aY5zT_JPEG%2F360_main_thumb_url_1742356292376.jpeg
모든 드로잉 : All Drawings,2025.03.18.,2025.04.19.,청문당,https://search.pstatic.net/common?type=ofullfill&size=138x200&quality=95&direct=true&src=https%3A%2F%2Fcsearch-phinf.pstatic.net%2F20250317_201%2F1742182748753QnB6r_JPEG%2F360_main_thumb_url_1742182748740.jpg
한국추상미술 하이라이트,2025.02.27.,2025.04.13.,대구문화예술회관,https://search.pstatic.net/common?type=ofullfill&size=138x200&quality=95&direct=true&src=https%3A%2F%2Fcsearch-phinf.pstatic.net%2F20250314_223%2F1741920097722ijvjn_JPEG%2F360_main_thumb_url_1741920097683.jpg
"금 밟고, 폴짝!",2025.03.25.,2025.06.22.,대전시립미술관,https://search.pstatic.net/common?type=ofullfill&size=138x200&quality=95&direct=true&src=https%3A%2F%2Fcsearch-phinf.pstatic.net%2F20250311_76%2F1741685163054H2XSg_PNG%2F360_main_thumb_url_1741685163034.png
공백을 채우십시오,2025.03.25.,2025.05.06.,대전창작센터,https://search.pstatic.net/common?type=ofullfill&size=138x200&quality=95&direct=true&src=https%3A%2F%2Fcsearch-phinf.pstatic.net%2F20250306_298%2F1741250457043i7xUh_JPEG%2F360_main_thumb_url_1741250457025.jpg
"어제의 형태, 오늘의 시선",2025.03.11.,2025.04.25.,수창청춘맨숀,https://search.pstatic.net/common?type=ofullfill&size=138x200&quality=95&direct=true&src=https%3A%2F%2Fcsearch-phinf.pstatic.net%2F20250306_154%2F1741245554122Efga0_JPEG%2F360_main_thumb_url_1741245554099.jpg
깨어_나오다,2025.03.05.,2025.04.30.,송정작은미술관,https://search.pstatic.net/common?type=ofullfill&size=138x200&quality=95&direct=true&src=https%3A%2F%2Fcsearch-phinf.pstatic.net%2F20250305_123%2F1741146761135Xvjtv_PNG%2F360_main_thumb_url_1741146761102.png
URBAN PALETTE,2025.03.05.,2025.04.26.,갤러리여울,https://search.pstatic.net/common?type=ofullfill&size=138x200&quality=95&direct=true&src=https%3A%2F%2Fcsearch-phinf.pstatic.net%2F20250228_251%2F17407209830741BOEg_PNG%2F360_main_thumb_url_1740720983062.png
"Papier Sculpté, Sculpture Pliée / Sculpted Paper, Folded Sculpture",2025.03.06.,2025.04.19.,우손갤러리 대구,https://search.pstatic.net/common?type=ofullfill&size=138x200&quality=95&direct=true&src=https%3A%2F%2Fcsearch-phinf.pstatic.net%2F20250228_291%2F1740710948107qXbIJ_JPEG%2F360_main_thumb_url_1740710948043.jpg
대구미술 1980-1989: 형상의 소환,2025.02.25.,2025.06.22.,대구미술관,https://search.pstatic.net/common?type=ofullfill&size=138x200&quality=95&direct=true&src=https%3A%2F%2Fcsearch-phinf.pstatic.net%2F20250228_144%2F1740709854805lS4P9_PNG%2F360_main_thumb_url_1740709854766.png
BRUTALIST 브루탈리스트,2025.03.12.,2025.04.12.,갤러리 전,https://search.pstatic.net/common?type=ofullfill&size=138x200&quality=95&direct=true&src=https%3A%2F%2Fcsearch-phinf.pstatic.net%2F20250227_49%2F1740641642822fDpbU_JPEG%2F360_main_thumb_url_1740641642800.jpg
이성경 : 흐름선,2025.02.25.,2025.04.12.,갤러리CNK,https://search.pstatic.net/common?type=ofullfill&size=138x200&quality=95&direct=true&src=https%3A%2F%2Fcsearch-phinf.pstatic.net%2F20250225_120%2F1740448687057bQ2VN_PNG%2F360_main_thumb_url_1740448687026.png
"巳이언스, Science!",2025.02.18.,2025.04.20.,국립대구과학관,https://search.pstatic.net/common?type=ofullfill&size=138x200&quality=95&direct=true&src=https%3A%2F%2Fcsearch-phinf.pstatic.net%2F20250219_132%2F1739946245024tpWiE_JPEG%2F360_main_thumb_url_1739946244992.jpg
불멸의 화가 반 고흐,2025.03.25.,2025.06.22.,대전시립미술관,https://search.pstatic.net/common?type=ofullfill&size=138x200&quality=95&direct=true&src=https%3A%2F%2Fcsearch-phinf.pstatic.net%2F20250205_74%2F17387193510423I6E8_JPEG%2F360_main_thumb_url_1738719351001.jpg
'이강하'의 아! 광주,2025.01.21.,2025.04.30.,이강하미술관,https://search.pstatic.net/common?type=ofullfill&size=138x200&quality=95&direct=true&src=https%3A%2F%2Fcsearch-phinf.pstatic.net%2F20250122_221%2F1737516268835tQC6O_PNG%2F360_main_thumb_url_1737516268763.png
Who is Banksy,2025.03.07.,2025.06.01.,대전엑스포시민광장,https://search.pstatic.net/common?type=ofullfill&size=138x200&quality=95&direct=true&src=https%3A%2F%2Fcsearch-phinf.pstatic.net%2F20250121_126%2F1737439788051R87el_JPEG%2F360_main_thumb_url_1737439788035.jpg
"동백, 시간의 얼굴",2025.03.28.,2025.05.25.,전남도립미술관,https://search.pstatic.net/common?type=ofullfill&size=138x200&quality=95&direct=true&src=https%3A%2F%2Fcsearch-phinf.pstatic.net%2F20250409_271%2F1744181776225GxU0K_JPEG%2F360_main_thumb_url_1744181776201.jpg
"신화의 땅, 서사의 나라",2025.04.05.,2025.07.27.,평화랑,https://search.pstatic.net/common?type=ofullfill&size=138x200&quality=95&direct=true&src=https%3A%2F%2Fcsearch-phinf.pstatic.net%2F20250408_110%2F17440818135401o0H0_PNG%2F360_main_thumb_url_1744081813458.png
사라진 이야기,2025.04.04.,2025.06.22.,시안미술관,https://search.pstatic.net/common?type=ofullfill&size=138x200&quality=95&direct=true&src=https%3A%2F%2Fcsearch-phinf.pstatic.net%2F20250404_159%2F1743749082808UtzA9_JPEG%2F360_main_thumb_url_1743749082695.jpg
Paradise of colour 색채의 낙원,2025.04.01.,2025.05.31.,모산조형미술관,https://search.pstatic.net/common?type=ofullfill&size=138x200&quality=95&direct=true&src=https%3A%2F%2Fcsearch-phinf.pstatic.net%2F20250402_159%2F1743573924145NOeki_PNG%2F360_36712132_main_thumb_url_1743573924091.png
Three different thinking,2025.04.01.,2025.06.30.,한전KDN,https://search.pstatic.net/common?type=ofullfill&size=138x200&quality=95&direct=true&src=https%3A%2F%2Fcsearch-phinf.pstatic.net%2F20250401_268%2F174347571241331UtN_JPEG%2F360_main_thumb_url_1743475712405.jpg
ARA BEGINNING : 구룡포에서 피어나다,2025.03.27.,2025.07.02.,구룡포생활문화센터 아라예술촌,https://search.pstatic.net/common?type=ofullfill&size=138x200&quality=95&direct=true&src=https%3A%2F%2Fcsearch-phinf.pstatic.net%2F20250328_144%2F1743133475214rI36j_JPEG%2F360_main_thumb_url_1743133475188.jpg
우연의 숲 A Forest of Coincidence,2025.03.31.,2025.05.16.,우민아트센터,https://search.pstatic.net/common?type=ofullfill&size=138x200&quality=95&direct=true&src=https%3A%2F%2Fcsearch-phinf.pstatic.net%2F20250326_292%2F1742967936682p0g62_JPEG%2F360_main_thumb_url_1742967936651.jpg
안미자 초대전,2025.04.05.,2025.05.30.,갤러리보이드,https://search.pstatic.net/common?type=ofullfill&size=138x200&quality=95&direct=true&src=https%3A%2F%2Fcsearch-phinf.pstatic.net%2F20250326_268%2F1742961674476SrYeV_JPEG%2F360_main_thumb_url_1742961674372.jpg
이곳은 꽃들이 있는 세상이다,2025.03.27.,2025.06.24.,아미미술관,https://search.pstatic.net/common?type=ofullfill&size=138x200&quality=95&direct=true&src=https%3A%2F%2Fcsearch-phinf.pstatic.net%2F20250325_46%2F1742881105678aaRmg_JPEG%2F360_main_thumb_url_1742881105665.jpg
Play & Pause,2025.03.29.,2025.06.15.,KT&G 상상마당 춘천 아트센터,https://search.pstatic.net/common?type=ofullfill&size=138x200&quality=95&direct=true&src=https%3A%2F%2Fcsearch-phinf.pstatic.net%2F20250321_43%2F17425258222250Ju0V_PNG%2F360_main_thumb_url_1742525822176.png
"꽃, 걸음",2025.03.04.,2025.05.30.,다가여행자도서관,https://search.pstatic.net/common?type=ofullfill&size=138x200&quality=95&direct=true&src=https%3A%2F%2Fcsearch-phinf.pstatic.net%2F20250317_74%2F1742199166352zb8IO_JPEG%2F360_main_thumb_url_1742199166296.jpg
사라진 문을 두드릴 때,2025.03.28.,2025.05.25.,전남도립미술관,https://search.pstatic.net/common?type=ofullfill&size=138x200&quality=95&direct=true&src=https%3A%2F%2Fcsearch-phinf.pstatic.net%2F20250317_247%2F1742190260364T6WOX_JPEG%2F360_main_thumb_url_1742190260309.jpg
래리 피트먼 : 거울&은유,2025.03.18.,2025.06.15.,전남도립미술관,https://search.pstatic.net/common?type=ofullfill&size=138x200&quality=95&direct=true&src=https%3A%2F%2Fcsearch-phinf.pstatic.net%2F20250317_225%2F1742190041320SGvVL_JPEG%2F360_main_thumb_url_1742190041181.jpg
"S.E.T : 별, 몸, 구의 순환적 생태",2025.03.11.,2025.06.01.,아트리움 모리,https://search.pstatic.net/common?type=ofullfill&size=138x200&quality=95&direct=true&src=https%3A%2F%2Fcsearch-phinf.pstatic.net%2F20250314_174%2F1741922201439VwTBn_PNG%2F360_main_thumb_url_1741922201301.png
청주시립미술관소장품 2023-2024 : 특별할 것,2025.02.27.,2025.04.27.,청주시립미술관,https://search.pstatic.net/common?type=ofullfill&size=138x200&quality=95&direct=true&src=https%3A%2F%2Fcsearch-phinf.pstatic.net%2F20250312_227%2F1741749311130fn7kO_JPEG%2F360_main_thumb_url_1741749311097.jpg
"너와 나, 우리를 잇는",2025.03.11.,2025.05.25.,천안시립미술관,https://search.pstatic.net/common?type=ofullfill&size=138x200&quality=95&direct=true&src=https%3A%2F%2Fcsearch-phinf.pstatic.net%2F20250311_171%2F1741663490746wXpuT_JPEG%2F360_main_thumb_url_1741663490728.jpg
몽당연필 이야기 : 작아질수록 더 커지는 기억,2025.03.04.,2025.04.11.,전주시새활용센터 다시봄,https://search.pstatic.net/common?type=ofullfill&size=138x200&quality=95&direct=true&src=https%3A%2F%2Fcsearch-phinf.pstatic.net%2F20250311_195%2F1741660693535JcqmY_JPEG%2F360_main_thumb_url_1741660693526.jpg
최힘찬 : 아직,2025.04.03.,2025.05.31.,sp.red coffee,https://search.pstatic.net/common?type=ofullfill&size=138x200&quality=95&direct=true&src=https%3A%2F%2Fcsearch-phinf.pstatic.net%2F20250310_84%2F1741596640568z3rOl_JPEG%2F360_main_thumb_url_1741596640471.jpg
이이수 : 푸른별 이야기,2025.03.13.,2025.05.18.,당림미술관,https://search.pstatic.net/common?type=ofullfill&size=138x200&quality=95&direct=true&src=https%3A%2F%2Fcsearch-phinf.pstatic.net%2F20250310_100%2F1741595548292ynhI5_JPEG%2F360_main_thumb_url_1741595548267.jpg
화양연화,2025.03.07.,2025.05.30.,한국민화뮤지엄,https://search.pstatic.net/common?type=ofullfill&size=138x200&quality=95&direct=true&src=https%3A%2F%2Fcsearch-phinf.pstatic.net%2F20250310_74%2F1741585999682zIKw5_JPEG%2F360_main_thumb_url_1741585999545.jpg
실로 어마어마한 일이다,2025.03.14.,2025.06.15.,경남도립미술관,https://search.pstatic.net/common?type=ofullfill&size=138x200&quality=95&direct=true&src=https%3A%2F%2Fcsearch-phinf.pstatic.net%2F20250314_68%2F1741933062691YLXLH_JPEG%2F360_36591261_main_thumb_url_1741933062554.jpg
더하고 나누고,2025.03.14.,2025.06.15.,경남도립미술관,https://search.pstatic.net/common?type=ofullfill&size=138x200&quality=95&direct=true&src=https%3A%2F%2Fcsearch-phinf.pstatic.net%2F20250307_24%2F1741319265939oKka9_JPEG%2F360_main_thumb_url_1741319265910.jpg
Sprout : 봄을 틔우다,2025.03.04.,2025.06.02.,갤러리 이서,https://search.pstatic.net/common?type=ofullfill&size=138x200&quality=95&direct=true&src=https%3A%2F%2Fcsearch-phinf.pstatic.net%2F20250305_68%2F1741159933688JSQRz_PNG%2F360_main_thumb_url_1741159933612.png
박수근미술관창작스튜디오 제19기 결과보고 개인전,2025.02.28.,2025.05.06.,양구군립박수근미술관,https://search.pstatic.net/common?type=ofullfill&size=138x200&quality=95&direct=true&src=https%3A%2F%2Fcsearch-phinf.pstatic.net%2F20250226_159%2F1740534409588kAQly_JPEG%2F360_main_thumb_url_1740534409548.jpg
꽃들이 말하다,2025.02.25.,2025.04.20.,영암군립하정웅미술관,https://search.pstatic.net/common?type=ofullfill&size=138x200&quality=95&direct=true&src=https%3A%2F%2Fcsearch-phinf.pstatic.net%2F20250225_257%2F1740463213516SvVrs_PNG%2F360_main_thumb_url_1740463213395.png
지필묵 삼총사,2025.03.04.,2025.06.01.,영암군립하정웅미술관,https://search.pstatic.net/common?type=ofullfill&size=138x200&quality=95&direct=true&src=https%3A%2F%2Fcsearch-phinf.pstatic.net%2F20250225_106%2F1740462912297VgP8U_PNG%2F360_main_thumb_url_1740462912286.png
냠냠,2025.02.25.,2025.05.25.,GS칼텍스 예울마루,https://search.pstatic.net/common?type=ofullfill&size=138x200&quality=95&direct=true&src=https%3A%2F%2Fcsearch-phinf.pstatic.net%2F20250225_159%2F1740450192052khg8a_PNG%2F360_main_thumb_url_1740450192027.png
청보리의 꿈,2025.02.25.,2025.04.20.,영암군립하정웅미술관,https://search.pstatic.net/common?type=ofullfill&size=138x200&quality=95&direct=true&src=https%3A%2F%2Fcsearch-phinf.pstatic.net%2F20250224_290%2F1740384947478hviDr_JPEG%2F360_main_thumb_url_1740384947467.jpg
"조각된 시간, 빛의 흔적",2025.02.25.,2025.05.18.,영암군립하정웅미술관,https://search.pstatic.net/common?type=ofullfill&size=138x200&quality=95&direct=true&src=https%3A%2F%2Fcsearch-phinf.pstatic.net%2F20250224_145%2F1740384689651IK8hd_JPEG%2F360_main_thumb_url_1740384689622.jpg
떠오르는 섬,2025.02.25.,2025.04.27.,아트리움 모리,https://search.pstatic.net/common?type=ofullfill&size=138x200&quality=95&direct=true&src=https%3A%2F%2Fcsearch-phinf.pstatic.net%2F20250224_74%2F1740376128426jYI0l_JPEG%2F360_main_thumb_url_1740376128397.jpg
"토림 김종현 사계산수(四季山水), 자연을 그리다.",2025.02.18.,2025.04.20.,정읍시립박물관,https://search.pstatic.net/common?type=ofullfill&size=138x200&quality=95&direct=true&src=https%3A%2F%2Fcsearch-phinf.pstatic.net%2F20250214_177%2F1739502409510bVt6f_PNG%2F360_main_thumb_url_1739502409381.png
세번째 스므살,2025.02.22.,2025.04.30.,한예국 Art Company,https://search.pstatic.net/common?type=ofullfill&size=138x200&quality=95&direct=true&src=https%3A%2F%2Fcsearch-phinf.pstatic.net%2F20250210_43%2F1739156902295aGMFg_PNG%2F360_main_thumb_url_1739156902187.png
"박수철, 오래된 꿈",2025.01.21.,2025.05.11.,포항시립미술관,https://search.pstatic.net/common?type=ofullfill&size=138x200&quality=95&direct=true&src=https%3A%2F%2Fcsearch-phinf.pstatic.net%2F20250204_159%2F1738661152939Xrog6_JPEG%2F360_main_thumb_url_1738661152921.jpg
오를랑 하이브리드: 아티스틱 인텔리전스,2025.01.21.,2025.05.11.,포항시립미술관,https://search.pstatic.net/common?type=ofullfill&size=138x200&quality=95&direct=true&src=https%3A%2F%2Fcsearch-phinf.pstatic.net%2F20250204_142%2F1738660848413OyeCP_JPEG%2F360_main_thumb_url_1738660848401.jpg
"집안과 마을의 수호신, 뱀",2025.02.18.,2025.05.04.,제주민속자연사박물관,https://search.pstatic.net/common?type=ofullfill&size=138x200&quality=95&direct=true&src=https%3A%2F%2Fcsearch-phinf.pstatic.net%2F20250227_120%2F1740645767924VEN7l_JPEG%2F360_main_thumb_url_1740645767911.jpg
이영란의 감성체험 가루나무모래흙 서울,2024.11.30.,2025.07.13.,유니버설아트센터,https://search.pstatic.net/common?type=ofullfill&size=138x200&quality=95&direct=true&src=https%3A%2F%2Fcsearch-phinf.pstatic.net%2F20230905_162%2F1693882728704DJ08u_JPEG%2F360_14285241_main_thumb_url_1693882728681.jpg
정성을 담은 보자기,2025.03.19.,2025.08.14.,코리아나화장박물관,https://search.pstatic.net/common?type=ofullfill&size=138x200&quality=95&direct=true&src=https%3A%2F%2Fcsearch-phinf.pstatic.net%2F20250319_198%2F1742366909108zMjKz_PNG%2F360_main_thumb_url_1742366909087.png
카와시마 코토리 : 사란란,2025.02.26.,2025.10.12.,석파정 서울미술관,https://search.pstatic.net/common?type=ofullfill&size=138x200&quality=95&direct=true&src=https%3A%2F%2Fcsearch-phinf.pstatic.net%2F20250227_157%2F1740643144710dyU5l_PNG%2F360_main_thumb_url_1740643144670.png
쿠푸왕의 피라미드,2025.03.27.,2025.09.28.,전쟁기념사업회 전쟁기념관,https://search.pstatic.net/common?type=ofullfill&size=138x200&quality=95&direct=true&src=https%3A%2F%2Fcsearch-phinf.pstatic.net%2F20250314_38%2F1741920442230mEixt_JPEG%2F360_36552353_main_thumb_url_1741920442200.jpg
김환기_The Duet 듀엣,2024.12.06.,2025.07.27.,환기미술관,https://search.pstatic.net/common?type=ofullfill&size=138x200&quality=95&direct=true&src=https%3A%2F%2Fcsearch-phinf.pstatic.net%2F20250221_84%2F1740108223952149d4_PNG%2F360_main_thumb_url_1740108223824.png
생이 깃든 소나무: 이길래,2025.02.26.,2025.06.30.,성북구립미술관 거리갤러리,https://search.pstatic.net/common?type=ofullfill&size=138x200&quality=95&direct=true&src=https%3A%2F%2Fcsearch-phinf.pstatic.net%2F20250219_64%2F1739946564214In9v3_JPEG%2F360_main_thumb_url_1739946564171.jpg
책 속에 꽃 핀 사랑,2025.01.23.,2025.08.31.,송파책박물관,https://search.pstatic.net/common?type=ofullfill&size=138x200&quality=95&direct=true&src=https%3A%2F%2Fcsearch-phinf.pstatic.net%2F20250131_65%2F1738306180048VH5V6_JPEG%2F360_main_thumb_url_1738306179994.jpg
워너 브롱크호스트 : 온 세상이 캔버스,2025.03.21.,2025.09.14.,그라운드시소 서촌,https://search.pstatic.net/common?type=ofullfill&size=138x200&quality=95&direct=true&src=https%3A%2F%2Fcsearch-phinf.pstatic.net%2F20250214_195%2F1739499185309M6G0e_JPEG%2F360_36397077_main_thumb_url_1739499185289.jpg
아트 오브 럭셔리 Art of Luxury,2025.01.18.,2025.06.01.,석파정 서울미술관,https://search.pstatic.net/common?type=ofullfill&size=138x200&quality=95&direct=true&src=https%3A%2F%2Fcsearch-phinf.pstatic.net%2F20250120_114%2F1737351240140mo0fP_JPEG%2F360_main_thumb_url_1737351240049.jpg
"인간, A.I를 만나다 : Harmony of Minds. Update",2025.01.03.,2025.06.30.,미디어 아트 갤러리 언더독 뮤지엄,https://search.pstatic.net/common?type=ofullfill&size=138x200&quality=95&direct=true&src=https%3A%2F%2Fcsearch-phinf.pstatic.net%2F20250106_38%2F1736127291302pkAbY_JPEG%2F360_main_thumb_url_1736127291212.jpg
영원한 것들: 누구를 위해서가 아니라 스스로 존재한 것들,2024.12.06.,2025.07.27.,환기미술관,https://search.pstatic.net/common?type=ofullfill&size=138x200&quality=95&direct=true&src=https%3A%2F%2Fcsearch-phinf.pstatic.net%2F20250220_144%2F1740024337598llPaD_JPEG%2F360_36332494_main_thumb_url_1740024337588.jpg
"멀리서 손바닥으로, 반짝",2024.12.17.,2025.08.17.,서울시립 북서울미술관,https://search.pstatic.net/common?type=ofullfill&size=138x200&quality=95&direct=true&src=https%3A%2F%2Fcsearch-phinf.pstatic.net%2F20241219_269%2F1734595699118IDWAn_JPEG%2F360_main_thumb_url_1734595699095.jpg
DDP 10주년 기념 오픈큐레이팅 아카이브 기획전,2024.12.23.,2025.05.31.,동대문디자인플라자,https://search.pstatic.net/common?type=ofullfill&size=138x200&quality=95&direct=true&src=https%3A%2F%2Fcsearch-phinf.pstatic.net%2F20241218_164%2F1734509000478ChqFz_JPEG%2F360_main_thumb_url_1734509000467.jpg
이강소 : 風來水面時 풍래수면시,2024.11.01.,2025.04.13.,국립현대미술관 서울,https://search.pstatic.net/common?type=ofullfill&size=138x200&quality=95&direct=true&src=https%3A%2F%2Fcsearch-phinf.pstatic.net%2F20241125_183%2F17325203165346aQme_PNG%2F360_main_thumb_url_1732520316525.png
프로젝트 해시태그 2024,2024.11.15.,2025.04.27.,국립현대미술관 서울,https://search.pstatic.net/common?type=ofullfill&size=138x200&quality=95&direct=true&src=https%3A%2F%2Fcsearch-phinf.pstatic.net%2F20241122_131%2F1732266088178diMtT_PNG%2F360_main_thumb_url_1732266088169.png
손으로 빚어낸 팔레트,2024.10.31.,2025.05.02.,서울공예박물관,https://search.pstatic.net/common?type=ofullfill&size=138x200&quality=95&direct=true&src=https%3A%2F%2Fcsearch-phinf.pstatic.net%2F20241121_251%2F1732160611878zIbru_JPEG%2F360_main_thumb_url_1732160611718.jpg
시네마 천국 이머시브 특별전,2024.12.20.,2025.05.11.,시네마천국 이머시브 특별전,https://search.pstatic.net/common?type=ofullfill&size=138x200&quality=95&direct=true&src=https%3A%2F%2Fcsearch-phinf.pstatic.net%2F20250401_118%2F1743476358559oe5AB_JPEG%2F360_35827069_main_thumb_url_1743476358440.jpg
내셔널지오그래픽 사진전,2024.12.05.,2025.04.20.,MUSEUM 209,https://search.pstatic.net/common?type=ofullfill&size=138x200&quality=95&direct=true&src=https%3A%2F%2Fcsearch-phinf.pstatic.net%2F20241202_185%2F1733105453494uJOB7_JPEG%2F360_35705262_main_thumb_url_1733105453480.jpg
실감미디어로 보는 그림책 - 수박 수영장,2024.11.06.,2025.09.06.,중랑아트센터,https://search.pstatic.net/common?type=ofullfill&size=138x200&quality=95&direct=true&src=https%3A%2F%2Fcsearch-phinf.pstatic.net%2F20241112_21%2F1731395036163tBg9A_PNG%2F360_main_thumb_url_1731395036125.png
누구를 위해 창작하는가?,2024.11.15.,2025.06.08.,김종영미술관,https://search.pstatic.net/common?type=ofullfill&size=138x200&quality=95&direct=true&src=https%3A%2F%2Fcsearch-phinf.pstatic.net%2F20250317_135%2F17421765411805zFIb_JPEG%2F360_35481502_main_thumb_url_1742176541081.jpg
사랑의 단상,2024.11.08.,2025.06.08.,뚝섬미술관,https://search.pstatic.net/common?type=ofullfill&size=138x200&quality=95&direct=true&src=https%3A%2F%2Fcsearch-phinf.pstatic.net%2F20241101_219%2F17304257112010A0d3_JPEG%2F360_35470267_main_thumb_url_1730425711138.jpg
뉴욕의 거장들: 잭슨 폴록과 마크 로스코의 친구들,2025.01.10.,2025.07.12.,노원문화예술회관,https://search.pstatic.net/common?type=ofullfill&size=138x200&quality=95&direct=true&src=https%3A%2F%2Fcsearch-phinf.pstatic.net%2F20241030_273%2F1730254435959XPA78_JPEG%2F360_35437739_main_thumb_url_1730254435940.jpg
"취향가옥: ART IN LIFE, LIFE IN ART",2024.11.15.,2025.05.18.,디뮤지엄,https://search.pstatic.net/common?type=ofullfill&size=138x200&quality=95&direct=true&src=https%3A%2F%2Fcsearch-phinf.pstatic.net%2F20241018_298%2F1729232600811HsSMs_JPEG%2F360_35403729_main_thumb_url_1729232600803.jpg
미피와 마법 우체통,2024.11.21.,2025.08.17.,인사센트럴뮤지엄,https://search.pstatic.net/common?type=ofullfill&size=138x200&quality=95&direct=true&src=https%3A%2F%2Fcsearch-phinf.pstatic.net%2F20240909_98%2F17258746279824kK55_JPEG%2F360_main_thumb_url_1725874627957.jpg
우연히 웨스 앤더슨 2,2024.10.18.,2025.04.13.,그라운드시소 센트럴,https://search.pstatic.net/common?type=ofullfill&size=138x200&quality=95&direct=true&src=https%3A%2F%2Fcsearch-phinf.pstatic.net%2F20250314_164%2F174192145619999Og5_JPEG%2F360_35178271_main_thumb_url_1741921456186.jpg
디즈니 100년 특별전,2024.10.18.,2025.06.01.,K현대미술관,https://search.pstatic.net/common?type=ofullfill&size=138x200&quality=95&direct=true&src=https%3A%2F%2Fcsearch-phinf.pstatic.net%2F20240910_45%2F172595046160844U2G_JPEG%2F360_35137874_main_thumb_url_1725950461590.jpg
박노해 : 다른 오늘,2024.08.30.,2025.06.29.,라 카페 갤러리,https://search.pstatic.net/common?type=ofullfill&size=138x200&quality=95&direct=true&src=https%3A%2F%2Fcsearch-phinf.pstatic.net%2F20250210_105%2F1739175777694NiFII_JPEG%2F360_35134064_main_thumb_url_1739175777686.jpg
구름이 걷히니 달이 비치고 바람 부니 별이 빛난다,2024.08.15.,2025.04.30.,동대문디자인플라자,https://search.pstatic.net/common?type=ofullfill&size=138x200&quality=95&direct=true&src=https%3A%2F%2Fcsearch-phinf.pstatic.net%2F20240822_193%2F1724293337105FiEzE_JPEG%2F360_35117894_main_thumb_url_1724293337063.jpg
파리의 휴일,2024.07.13.,2025.06.01.,K현대미술관,https://search.pstatic.net/common?type=ofullfill&size=138x200&quality=95&direct=true&src=https%3A%2F%2Fcsearch-phinf.pstatic.net%2F20240627_300%2F1719476658866I7F9N_JPEG%2F360_main_thumb_url_1719476658770.jpg
"달항아리를 만든 곳, 금사리",2024.06.25.,2025.06.22.,국립중앙박물관,https://search.pstatic.net/common?type=ofullfill&size=138x200&quality=95&direct=true&src=https%3A%2F%2Fcsearch-phinf.pstatic.net%2F20240626_22%2F1719391906517JI3IQ_PNG%2F360_main_thumb_url_1719391906469.png
여러분에게 평화,2024.05.04.,2025.04.30.,전쟁과여성인권박물관,https://search.pstatic.net/common?type=ofullfill&size=138x200&quality=95&direct=true&src=https%3A%2F%2Fcsearch-phinf.pstatic.net%2F20240528_134%2F17168809692227qiCE_PNG%2F360_main_thumb_url_1716880969202.png
투명하고 향기 나는 천사의 날개 빛깔처럼,2024.06.04.,2025.05.05.,서울시립 북서울미술관,https://search.pstatic.net/common?type=ofullfill&size=138x200&quality=95&direct=true&src=https%3A%2F%2Fcsearch-phinf.pstatic.net%2F20240528_96%2F17168647679273sRiB_JPEG%2F360_main_thumb_url_1716864767883.jpg
나는 잘 지내고 있습니다,2024.06.08.,2025.06.01.,석파정 서울미술관,https://search.pstatic.net/common?type=ofullfill&size=138x200&quality=95&direct=true&src=https%3A%2F%2Fcsearch-phinf.pstatic.net%2F20240528_120%2F17168644726930mpqv_JPEG%2F360_main_thumb_url_1716864472638.jpg
오늘 만난 토리,2024.05.23.,2025.05.22.,서울우리소리박물관,https://search.pstatic.net/common?type=ofullfill&size=138x200&quality=95&direct=true&src=https%3A%2F%2Fcsearch-phinf.pstatic.net%2F20240528_155%2F17168619685735qjCa_PNG%2F360_main_thumb_url_1716861968554.png
요리소리노리체험전,2025.03.15.,2026.03.01.,육영재단 어린이회관,https://search.pstatic.net/common?type=ofullfill&size=138x200&quality=95&direct=true&src=https%3A%2F%2Fcsearch-phinf.pstatic.net%2F20250325_15%2F1742871552505l705K_JPEG%2F360_32144127_main_thumb_url_1742871552484.jpg
현대미술 거장들의 공명,2025.04.02.,2025.09.28.,해든뮤지움,https://search.pstatic.net/common?type=ofullfill&size=138x200&quality=95&direct=true&src=https%3A%2F%2Fcsearch-phinf.pstatic.net%2F20250404_21%2F17437379681168GfqP_JPEG%2F360_main_thumb_url_1743737967944.jpg
"신선한 유산, 예술로 미래를 열다",2025.03.25.,2025.08.17.,부산근현대역사관 본관,https://search.pstatic.net/common?type=ofullfill&size=138x200&quality=95&direct=true&src=https%3A%2F%2Fcsearch-phinf.pstatic.net%2F20250402_44%2F1743574725513iBbdK_JPEG%2F360_main_thumb_url_1743574725495.jpg
"정원가, 다산",2024.12.15.,2025.06.15.,일월수목원 방문자센터 로비,https://search.pstatic.net/common?type=ofullfill&size=138x200&quality=95&direct=true&src=https%3A%2F%2Fcsearch-phinf.pstatic.net%2F20250324_38%2F1742805495562Llj17_JPEG%2F360_main_thumb_url_1742805495455.jpg
전지적 백남준 시점,2025.04.10.,2026.02.22.,백남준아트센터,https://search.pstatic.net/common?type=ofullfill&size=138x200&quality=95&direct=true&src=https%3A%2F%2Fcsearch-phinf.pstatic.net%2F20250324_16%2F1742783358035MxgyC_JPEG%2F360_main_thumb_url_1742783358024.jpg
정원을 사랑한 지중해화가 모네,2025.03.11.,2025.09.14.,일월수목원,https://search.pstatic.net/common?type=ofullfill&size=138x200&quality=95&direct=true&src=https%3A%2F%2Fcsearch-phinf.pstatic.net%2F20250321_291%2F17425263883212lxEQ_JPEG%2F360_main_thumb_url_1742526388286.jpeg
상상정원,2025.03.18.,2025.09.07.,양주시립장욱진미술관,https://search.pstatic.net/common?type=ofullfill&size=138x200&quality=95&direct=true&src=https%3A%2F%2Fcsearch-phinf.pstatic.net%2F20250319_139%2F1742367970344C3KiN_PNG%2F360_main_thumb_url_1742367970332.png
피보탈 모먼트 : 예술의 정점에 서다,2025.03.17.,2025.07.31.,파라다이스시티 아트스페이스,https://search.pstatic.net/common?type=ofullfill&size=138x200&quality=95&direct=true&src=https%3A%2F%2Fcsearch-phinf.pstatic.net%2F20250319_114%2F1742365584802XsgIG_PNG%2F360_main_thumb_url_1742365584792.png
이모젠 커닝햄 : Stillness,2025.03.22.,2025.07.27.,닻미술관,https://search.pstatic.net/common?type=ofullfill&size=138x200&quality=95&direct=true&src=https%3A%2F%2Fcsearch-phinf.pstatic.net%2F20250317_44%2F1742190615127u6r5v_JPEG%2F360_main_thumb_url_1742190615114.jpg
캔앤츄르 초대전,2024.12.23.,2025.06.22.,갤러리티,https://search.pstatic.net/common?type=ofullfill&size=138x200&quality=95&direct=true&src=https%3A%2F%2Fcsearch-phinf.pstatic.net%2F20250312_259%2F1741763121502a23RE_PNG%2F360_main_thumb_url_1741763121487.png
김소정 초대전,2024.12.23.,2025.06.22.,갤러리티,https://search.pstatic.net/common?type=ofullfill&size=138x200&quality=95&direct=true&src=https%3A%2F%2Fcsearch-phinf.pstatic.net%2F20250312_244%2F17417629281227fxaE_PNG%2F360_main_thumb_url_1741762928056.png
심성희 초대전,2024.12.23.,2025.06.22.,갤러리티,https://search.pstatic.net/common?type=ofullfill&size=138x200&quality=95&direct=true&src=https%3A%2F%2Fcsearch-phinf.pstatic.net%2F20250312_73%2F1741762708465S6FXT_PNG%2F360_main_thumb_url_1741762708451.png
쇠라와 색깔여행 점!점!점!,2025.04.05.,2025.11.29.,어린이미술관자란다,https://search.pstatic.net/common?type=ofullfill&size=138x200&quality=95&direct=true&src=https%3A%2F%2Fcsearch-phinf.pstatic.net%2F20250307_122%2F1741313199271LTGMJ_PNG%2F360_main_thumb_url_1741313199244.png
만나서 반가워,2025.03.13.,2025.08.31.,한강뮤지엄,https://search.pstatic.net/common?type=ofullfill&size=138x200&quality=95&direct=true&src=https%3A%2F%2Fcsearch-phinf.pstatic.net%2F20250306_241%2F1741244336674V3oJu_JPEG%2F360_main_thumb_url_1741244336638.jpg
랜덤 액세스 프로젝트 4.0,2025.02.20.,2025.06.29.,백남준아트센터,https://search.pstatic.net/common?type=ofullfill&size=138x200&quality=95&direct=true&src=https%3A%2F%2Fcsearch-phinf.pstatic.net%2F20250305_296%2F1741155309071Fya9y_JPEG%2F360_main_thumb_url_1741155308985.jpg
A Tale of Two Cities,2025.02.28.,2025.08.08.,고은사진미술관,https://search.pstatic.net/common?type=ofullfill&size=138x200&quality=95&direct=true&src=https%3A%2F%2Fcsearch-phinf.pstatic.net%2F20250224_106%2F1740369449377FfuxN_JPEG%2F360_main_thumb_url_1740369449291.jpg
"항거, 수원 1919",2025.03.01.,2025.06.29.,수원박물관,https://search.pstatic.net/common?type=ofullfill&size=138x200&quality=95&direct=true&src=https%3A%2F%2Fcsearch-phinf.pstatic.net%2F20250214_279%2F1739521969323wdJTc_JPEG%2F360_main_thumb_url_1739521969298.jpg
"농업과 산업이 어우러진 마을, 고색동",2024.09.24.,2025.06.22.,근대문화공간 수원구부국원,https://search.pstatic.net/common?type=ofullfill&size=138x200&quality=95&direct=true&src=https%3A%2F%2Fcsearch-phinf.pstatic.net%2F20250204_87%2F1738649024144NLjXt_JPEG%2F360_main_thumb_url_1738649024106.jpg
앉거나 서거나 누워있는 I : 1950-60년대 해방세대의 인체조각,2025.01.21.,2025.06.15.,양주시립민복진미술관,https://search.pstatic.net/common?type=ofullfill&size=138x200&quality=95&direct=true&src=https%3A%2F%2Fcsearch-phinf.pstatic.net%2F20250131_43%2F1738289767293a7DtO_PNG%2F360_main_thumb_url_1738289767283.png
미타 초대전,2024.12.23.,2025.06.22.,갤러리티,https://search.pstatic.net/common?type=ofullfill&size=138x200&quality=95&direct=true&src=https%3A%2F%2Fcsearch-phinf.pstatic.net%2F20250124_66%2F1737705939491KDDPx_JPEG%2F360_main_thumb_url_1737705939483.jpg
수원시가 발굴한 13인의 독립운동가,2025.01.01.,2025.12.14.,수원광교박물관,https://search.pstatic.net/common?type=ofullfill&size=138x200&quality=95&direct=true&src=https%3A%2F%2Fcsearch-phinf.pstatic.net%2F20241226_128%2F1735184927349qxQ6s_JPEG%2F360_main_thumb_url_1735184927340.jpg
the Art de Vivre 예술이 된 일상의 단편들,2024.11.22.,2025.06.13.,랄프 깁슨 사진미술관,https://search.pstatic.net/common?type=ofullfill&size=138x200&quality=95&direct=true&src=https%3A%2F%2Fcsearch-phinf.pstatic.net%2F20241128_233%2F1732772888968DJHoC_JPEG%2F360_main_thumb_url_1732772888958.jpg
MMCA 뉴미디어 소장품전-아더랜드,2024.09.10.,2025.04.23.,국립현대미술관 과천,https://search.pstatic.net/common?type=ofullfill&size=138x200&quality=95&direct=true&src=https%3A%2F%2Fcsearch-phinf.pstatic.net%2F20241122_194%2F1732267483855bL75P_JPEG%2F360_main_thumb_url_1732267483837.jpg
한국 현대 도자공예: 영원의 지금에서 늘 새로운,2024.11.21.,2025.05.06.,국립현대미술관 과천,https://search.pstatic.net/common?type=ofullfill&size=138x200&quality=95&direct=true&src=https%3A%2F%2Fcsearch-phinf.pstatic.net%2F20241122_170%2F17322671606676fwwW_PNG%2F360_35981829_main_thumb_url_1732267160655.png
"침묵, 그 고요한 외침",2024.11.23.,2025.06.22.,이함캠퍼스,https://search.pstatic.net/common?type=ofullfill&size=138x200&quality=95&direct=true&src=https%3A%2F%2Fcsearch-phinf.pstatic.net%2F20241121_202%2F1732154362181nY6Jv_JPEG%2F360_main_thumb_url_1732154362139.jpg
스폰지밥 전시회_IN BUSAN展,2024.11.30.,2025.05.25.,피아크,https://search.pstatic.net/common?type=ofullfill&size=138x200&quality=95&direct=true&src=https%3A%2F%2Fcsearch-phinf.pstatic.net%2F20241115_22%2F1731634287089Crv7U_JPEG%2F360_main_thumb_url_1731634287080.jpg
파비안 네그린: Adventure Beyond Childhood,2024.11.26.,2025.04.20.,현대어린이책미술관,https://search.pstatic.net/common?type=ofullfill&size=138x200&quality=95&direct=true&src=https%3A%2F%2Fcsearch-phinf.pstatic.net%2F20241113_145%2F1731478842259KaAnL_PNG%2F360_main_thumb_url_1731478842232.png
2024 부산모카 플랫폼,2024.11.30.,2025.04.13.,부산현대미술관,https://search.pstatic.net/common?type=ofullfill&size=138x200&quality=95&direct=true&src=https%3A%2F%2Fcsearch-phinf.pstatic.net%2F20241101_163%2F1730426298874YSdUa_JPEG%2F360_main_thumb_url_1730426298865.jpg
이토 준지 호러하우스,2024.12.14.,2025.06.08.,덕스 부산,https://search.pstatic.net/common?type=ofullfill&size=138x200&quality=95&direct=true&src=https%3A%2F%2Fcsearch-phinf.pstatic.net%2F20241021_127%2F1729500847788haNiu_JPEG%2F360_main_thumb_url_1729500847755.jpg
달빛 상담소,2024.11.01.,2025.10.12.,서면미술관,https://search.pstatic.net/common?type=ofullfill&size=138x200&quality=95&direct=true&src=https%3A%2F%2Fcsearch-phinf.pstatic.net%2F20241016_109%2F1729057848452Mg0rk_JPEG%2F360_main_thumb_url_1729057848439.jpg
신화 : 시작하는 이야기,2024.10.05.,2025.08.31.,뮤지엄 원,https://search.pstatic.net/common?type=ofullfill&size=138x200&quality=95&direct=true&src=https%3A%2F%2Fcsearch-phinf.pstatic.net%2F20241030_162%2F1730267530660ulhR4_JPEG%2F360_35259382_main_thumb_url_1730267530580.jpg
Plastic: Remaking Our World,2024.08.29.,2025.05.25.,현대 모터스튜디오 부산,https://search.pstatic.net/common?type=ofullfill&size=138x200&quality=95&direct=true&src=https%3A%2F%2Fcsearch-phinf.pstatic.net%2F20240816_96%2F1723785562482s4Gpr_JPEG%2F360_main_thumb_url_1723785562418.jpg
거꾸로 시간의 영종!,2024.07.12.,2025.05.31.,영종역사관,https://search.pstatic.net/common?type=ofullfill&size=138x200&quality=95&direct=true&src=https%3A%2F%2Fcsearch-phinf.pstatic.net%2F20240702_277%2F1719892260580GFxFE_JPEG%2F360_main_thumb_url_1719892260431.jpg
데이비드 호크니 : Bigger Closer,2025.04.01.,2025.08.31.,태화복합문화공간 만디,https://search.pstatic.net/common?type=ofullfill&size=138x200&quality=95&direct=true&src=https%3A%2F%2Fcsearch-phinf.pstatic.net%2F20250325_103%2F1742873365002HJt2A_JPEG%2F360_main_thumb_url_1742873364990.jpg
디토와 비토,2025.03.15.,2025.08.17.,헤레디움,https://search.pstatic.net/common?type=ofullfill&size=138x200&quality=95&direct=true&src=https%3A%2F%2Fcsearch-phinf.pstatic.net%2F20250306_258%2F1741237835740vbiAa_JPEG%2F360_main_thumb_url_1741237835647.jpg
션 스컬리 : 수평과 수직,2025.03.18.,2025.08.17.,대구미술관,https://search.pstatic.net/common?type=ofullfill&size=138x200&quality=95&direct=true&src=https%3A%2F%2Fcsearch-phinf.pstatic.net%2F20250228_117%2F1740710250407lchic_PNG%2F360_main_thumb_url_1740710250397.png
애호가 편지,2025.03.22.,2025.08.24.,국립아시아문화전당,https://search.pstatic.net/common?type=ofullfill&size=138x200&quality=95&direct=true&src=https%3A%2F%2Fcsearch-phinf.pstatic.net%2F20250226_93%2F1740552118163FYSoV_JPEG%2F360_main_thumb_url_1740552118134.jpg
엉뚱한 자연,2025.04.01.,2025.08.10.,대전시립미술관 열린수장고,https://search.pstatic.net/common?type=ofullfill&size=138x200&quality=95&direct=true&src=https%3A%2F%2Fcsearch-phinf.pstatic.net%2F20250321_173%2F1742524097894ARrYD_JPEG%2F360_36477748_main_thumb_url_1742524097813.jpg
흔적,2025.04.01.,2025.12.21.,대전시립미술관 열린수장고,https://search.pstatic.net/common?type=ofullfill&size=138x200&quality=95&direct=true&src=https%3A%2F%2Fcsearch-phinf.pstatic.net%2F20250321_11%2F1742524026761kACuX_JPEG%2F360_36477741_main_thumb_url_1742524026675.jpg
김홍도 <백매(白梅)>,2025.01.16.,2025.05.25.,대구간송미술관,https://search.pstatic.net/common?type=ofullfill&size=138x200&quality=95&direct=true&src=https%3A%2F%2Fcsearch-phinf.pstatic.net%2F20250203_36%2F1738546023266g8Qhj_JPEG%2F360_main_thumb_url_1738546023237.jpg
대구간송미술관 상설전시,2025.01.16.,2025.12.31.,대구간송미술관,https://search.pstatic.net/common?type=ofullfill&size=138x200&quality=95&direct=true&src=https%3A%2F%2Fcsearch-phinf.pstatic.net%2F20250131_100%2F1738291365565H3TeB_JPEG%2F360_main_thumb_url_1738291365526.jpg
다이노 판타지,2024.12.14.,2025.07.31.,83타워,https://search.pstatic.net/common?type=ofullfill&size=138x200&quality=95&direct=true&src=https%3A%2F%2Fcsearch-phinf.pstatic.net%2F20241204_234%2F1733278779811OhMWT_JPEG%2F360_main_thumb_url_1733278779805.jpg
흐름·The Flow,2024.09.03.,2025.05.25.,대구간송미술관,https://search.pstatic.net/common?type=ofullfill&size=138x200&quality=95&direct=true&src=https%3A%2F%2Fcsearch-phinf.pstatic.net%2F20250203_260%2F1738544503525zlnXa_JPEG%2F360_36171436_main_thumb_url_1738544503517.jpg
훈민정음 해례본: 소리로 지은 집,2024.09.03.,2025.05.25.,대구간송미술관,https://search.pstatic.net/common?type=ofullfill&size=138x200&quality=95&direct=true&src=https%3A%2F%2Fcsearch-phinf.pstatic.net%2F20241127_120%2F1732701001006JYuaB_PNG%2F360_main_thumb_url_1732701000998.png
My Dear 피노키오,2024.12.12.,2025.05.11.,울산 현대예술관 미술관,https://search.pstatic.net/common?type=ofullfill&size=138x200&quality=95&direct=true&src=https%3A%2F%2Fcsearch-phinf.pstatic.net%2F20241115_179%2F17316388442327YFg9_PNG%2F360_main_thumb_url_1731638844218.png
쥬세뻬 비탈레 : LEGAMI in Ulsan,2024.11.22.,2025.05.06.,태화복합문화공간 만디,https://search.pstatic.net/common?type=ofullfill&size=138x200&quality=95&direct=true&src=https%3A%2F%2Fcsearch-phinf.pstatic.net%2F20241028_61%2F173008635090134mvG_JPEG%2F360_main_thumb_url_1730086350879.jpg
"고故 이건희 회장 기증 대구·경북의 국보와 보물 2,000년 전의 대구 비산동과 1,500년 전의 고령 지산동",2024.07.09.,2025.06.29.,국립대구박물관,https://search.pstatic.net/common?type=ofullfill&size=138x200&quality=95&direct=true&src=https%3A%2F%2Fcsearch-phinf.pstatic.net%2F20240704_297%2F1720082779190Vb6PA_JPEG%2F360_main_thumb_url_1720082779175.jpg
숲 - 봄 여름 가을 겨울,2024.12.17.,2025.04.30.,임립미술관,https://search.pstatic.net/common?type=ofullfill&size=138x200&quality=95&direct=true&src=https%3A%2F%2Fcsearch-phinf.pstatic.net%2F20250402_209%2F1743584479622Oe9cm_PNG%2F360_main_thumb_url_1743584479612.png
이강욱 : 1mm의 경계,2025.03.08.,2025.07.31.,플레이스 씨,https://search.pstatic.net/common?type=ofullfill&size=138x200&quality=95&direct=true&src=https%3A%2F%2Fcsearch-phinf.pstatic.net%2F20250304_150%2F1741052208610JEBHy_JPEG%2F360_main_thumb_url_1741052208496.jpg
"소월리, 풍요를 바라다",2024.11.29.,2025.05.11.,경산시립박물관,https://search.pstatic.net/common?type=ofullfill&size=138x200&quality=95&direct=true&src=https%3A%2F%2Fcsearch-phinf.pstatic.net%2F20250212_38%2F1739328436107Q4eIb_PNG%2F360_main_thumb_url_1739328436098.png
모든 것은 변한다,2024.12.20.,2025.06.01.,뮤지엄산,https://search.pstatic.net/common?type=ofullfill&size=138x200&quality=95&direct=true&src=https%3A%2F%2Fcsearch-phinf.pstatic.net%2F20250204_230%2F1738662102642D7rqc_JPEG%2F360_main_thumb_url_1738662102572.jpg
기린미술관 소장전,2025.02.01.,2025.12.31.,문화공간 기린,https://search.pstatic.net/common?type=ofullfill&size=138x200&quality=95&direct=true&src=https%3A%2F%2Fcsearch-phinf.pstatic.net%2F20250131_63%2F1738290786101bJgrs_PNG%2F360_main_thumb_url_1738290786041.png
시작(RE:BEGIN) 2025 류정림 단색화 특별전,2025.01.01.,2025.06.30.,갤러리G,https://search.pstatic.net/common?type=ofullfill&size=138x200&quality=95&direct=true&src=https%3A%2F%2Fcsearch-phinf.pstatic.net%2F20250108_297%2F17363052056172FED2_JPEG%2F360_main_thumb_url_1736305205543.jpg
"초현실주의, 100년의 환상",2024.12.24.,2025.05.11.,경주예술의전당,https://search.pstatic.net/common?type=ofullfill&size=138x200&quality=95&direct=true&src=https%3A%2F%2Fcsearch-phinf.pstatic.net%2F20241218_234%2F173448618339459OwY_JPEG%2F360_main_thumb_url_1734486183386.jpg
안재홍 개인전,2024.11.09.,2025.04.13.,이상원미술관,https://search.pstatic.net/common?type=ofullfill&size=138x200&quality=95&direct=true&src=https%3A%2F%2Fcsearch-phinf.pstatic.net%2F20241118_159%2F1731909444974sFRRL_JPEG%2F360_main_thumb_url_1731909444968.jpg
쥐라기가든: 식물의 탄생과 진화,2024.10.19.,2025.05.05.,국립세종수목원,https://search.pstatic.net/common?type=ofullfill&size=138x200&quality=95&direct=true&src=https%3A%2F%2Fcsearch-phinf.pstatic.net%2F20241011_39%2F1728626816966jq5eO_PNG%2F360_main_thumb_url_1728626816931.png
"칸딘스키, 추상 회화의 오디세이",2025.03.14.,2026.02.22.,빛의 벙커,https://search.pstatic.net/common?type=ofullfill&size=138x200&quality=95&direct=true&src=https%3A%2F%2Fcsearch-phinf.pstatic.net%2F20250310_74%2F1741579226762sOzKf_PNG%2F360_main_thumb_url_1741579226752.png
전쟁을 겪은 어린이들의 이야기,2024.12.03.,2025.05.06.,제주4.3평화기념관,https://search.pstatic.net/common?type=ofullfill&size=138x200&quality=95&direct=true&src=https%3A%2F%2Fcsearch-phinf.pstatic.net%2F20241114_83%2F1731551587579QnVWg_JPEG%2F360_main_thumb_url_1731551587482.jpg
2024 세종문화회관 공간큐레이팅: The Corner,2024.12.16.,2025.05.25.,"세종문화회관 대극장, 노들섬(서울시발레단)",https://search.pstatic.net/common?type=ofullfill&size=138x200&quality=95&direct=true&src=https%3A%2F%2Fcsearch-phinf.pstatic.net%2F20250403_283%2F17436243319917O4by_JPEG%2FD100931_af19c78c_202503SJ3.jpg%3Ftype%3Dm1500
Keiichi Tanaami: I’M THE ORIGIN,2024.12.14.,2025.06.29.,대림미술관,https://search.pstatic.net/common?type=ofullfill&size=138x200&quality=95&direct=true&src=https%3A%2F%2Fcsearch-phinf.pstatic.net%2F20250403_223%2F17436243313251BBv2_JPEG%2FD099494_4d154c5d_202412DaeRim700.jpg%3Ftype%3Dm1500
구스타프 클림트 : 타임리스 뷰티,2024.12.20.,오픈런,그라운드시소 명동,https://search.pstatic.net/common?type=ofullfill&size=138x200&quality=95&direct=true&src=https%3A%2F%2Fcsearch-phinf.pstatic.net%2F20250204_148%2F1738638084646oIWB0_JPEG%2F360_35663024_main_thumb_url_1738638084604.jpg
어쩌다 마주친 공예,2025.01.02.,오픈런,노들섬 노들서가,https://search.pstatic.net/common?type=ofullfill&size=138x200&quality=95&direct=true&src=https%3A%2F%2Fcsearch-phinf.pstatic.net%2F20241226_72%2F1735192567255YupkF_JPEG%2F360_34307628_main_thumb_url_1735192567196.jpg
간원일기,2024.05.10.,2025.07.31.,종로구립 박노수미술관,https://search.pstatic.net/common?type=ofullfill&size=138x200&quality=95&direct=true&src=https%3A%2F%2Fcsearch-phinf.pstatic.net%2F20240610_261%2F1717998805107pX6iy_PNG%2F360_main_thumb_url_1717998805092.png
어둠속의대화 북촌,2010.01.20.,오픈런,어둠속의대화 북촌점,https://search.pstatic.net/common?type=ofullfill&size=138x200&quality=95&direct=true&src=https%3A%2F%2Fcsearch-phinf.pstatic.net%2F20240215_232%2F1707968271534M6vB2_PNG%2F360_main_thumb_url_1707968271518.png
레픽아나돌 : Machine Simulations : Life and Dreams-희로애락,2023.10.06.,오픈런,63빌딩,https://search.pstatic.net/common?type=ofullfill&size=138x200&quality=95&direct=true&src=https%3A%2F%2Fcsearch-phinf.pstatic.net%2F20240116_33%2F1705372563649uwKJA_JPEG%2F360_main_thumb_url_1705372563597.jpg
서도호와 아이들: 아트랜드,2023.05.02.,2025.12.31.,서울시립 북서울미술관,https://search.pstatic.net/common?type=ofullfill&size=138x200&quality=95&direct=true&src=https%3A%2F%2Fcsearch-phinf.pstatic.net%2F20231122_160%2F1700644281474b23s2_PNG%2F360_main_thumb_url_1700644281458.png
"낯선 말, 표현의 그림자",2023.11.15.,2026.12.31.,북한인권박물관,https://search.pstatic.net/common?type=ofullfill&size=138x200&quality=95&direct=true&src=https%3A%2F%2Fcsearch-phinf.pstatic.net%2F20231107_8%2F1699342151005b9a9p_JPEG%2F360_main_thumb_url_1699342150956.jpg
더케이브 XR 경험 전시,2023.09.22.,오픈런,더 케이브,https://search.pstatic.net/common?type=ofullfill&size=138x200&quality=95&direct=true&src=https%3A%2F%2Fcsearch-phinf.pstatic.net%2F20241028_106%2F1730109377764YugvW_PNG%2F360_32121927_main_thumb_url_1730109377720.png
SPACE 55 Archive,2023.03.01.,오픈런,스페이스55,https://search.pstatic.net/common?type=ofullfill&size=138x200&quality=95&direct=true&src=https%3A%2F%2Fcsearch-phinf.pstatic.net%2F20230321_46%2F1679374196037toGh1_JPEG%2F360_main_thumb_url_1679374196014.jpg
시간의 조각 : 계절에서 Flower in winter,2022.07.15.,오픈런,네이처랩스,https://search.pstatic.net/common?type=ofullfill&size=138x200&quality=95&direct=true&src=https%3A%2F%2Fcsearch-phinf.pstatic.net%2F20221221_104%2F1671599932624ptx6U_JPEG%2F360_28399760_main_thumb_url_1671599932604.jpg
소우주 : microcosme.,2022.05.31.,오픈런,브루커피 강남타워300점,https://search.pstatic.net/common?type=ofullfill&size=138x200&quality=95&direct=true&src=https%3A%2F%2Fcsearch-phinf.pstatic.net%2F20220603_50%2F1654223933202i1ENI_JPEG%2F360_main_thumb_url_1654223933187.jpg
차차라인 : 감는 행복 Part 1 : Inner peace,2022.05.13.,오픈런,브루커피 역삼HB타워점,https://search.pstatic.net/common?type=ofullfill&size=138x200&quality=95&direct=true&src=https%3A%2F%2Fcsearch-phinf.pstatic.net%2F20220518_94%2F1652849646577qGzI7_JPEG%2F360_main_thumb_url_1652849646543.jpg
취향의 서재,2022.05.03.,오픈런,갤러리나인,https://search.pstatic.net/common?type=ofullfill&size=138x200&quality=95&direct=true&src=https%3A%2F%2Fcsearch-phinf.pstatic.net%2F20220511_254%2F1652260514480cRjBD_JPEG%2F360_main_thumb_url_1652260514391.jpg
"유래 : COLOR GIRL : 여자 꽃,을 피우다",2022.05.07.,오픈런,브루커피 삼성공항터미널점,https://search.pstatic.net/common?type=ofullfill&size=138x200&quality=95&direct=true&src=https%3A%2F%2Fcsearch-phinf.pstatic.net%2F20220506_170%2F1651826073842qK7HF_PNG%2F360_main_thumb_url_1651826073734.png
후지시로 세이지 : 고양이 뉴욕에 가다,2022.03.04.,오픈런,후지시로 세이지 북촌 스페이스,https://search.pstatic.net/common?type=ofullfill&size=138x200&quality=95&direct=true&src=https%3A%2F%2Fcsearch-phinf.pstatic.net%2F20220330_94%2F1648627422581pzwSY_JPEG%2F360_main_thumb_url_1648627422534.jpg
고원(高原) : Go One Hour LOOP,2022.03.30.,오픈런,고원,https://search.pstatic.net/common?type=ofullfill&size=138x200&quality=95&direct=true&src=https%3A%2F%2Fcsearch-phinf.pstatic.net%2F20220307_182%2F1646635122018PgHYj_JPEG%2F360_main_thumb_url_1646635121958.jpg
순수박물관,2022.07.29.,오픈런,순수박물관,https://search.pstatic.net/common?type=ofullfill&size=138x200&quality=95&direct=true&src=https%3A%2F%2Fcsearch-phinf.pstatic.net%2F20241029_23%2F1730168847409Pye0e_JPEG%2F360_19427252_main_thumb_url_1730168847400.jpg
컬러풀뮤지엄,2021.01.06.,오픈런,컬러풀뮤지엄,https://search.pstatic.net/common?type=ofullfill&size=138x200&quality=95&direct=true&src=https%3A%2F%2Fcsearch-phinf.pstatic.net%2F20210506_181%2F1620287674650FYRlv_PNG%2F360_main_thumb_url_1620287674635.png
후지시로 세이지 : 고양이 뉴욕에 가다,2022.03.04.,오픈런,후지시로 세이지 북촌 스페이스,https://search.pstatic.net/common?type=ofullfill&size=138x200&quality=95&direct=true&src=https%3A%2F%2Fcsearch-phinf.pstatic.net%2F20220330_94%2F1648627422581pzwSY_JPEG%2F360_main_thumb_url_1648627422534.jpg
고원(高原) : Go One Hour LOOP,2022.03.30.,오픈런,고원,https://search.pstatic.net/common?type=ofullfill&size=138x200&quality=95&direct=true&src=https%3A%2F%2Fcsearch-phinf.pstatic.net%2F20220307_182%2F1646635122018PgHYj_JPEG%2F360_main_thumb_url_1646635121958.jpg
순수박물관,2022.07.29.,오픈런,순수박물관,https://search.pstatic.net/common?type=ofullfill&size=138x200&quality=95&direct=true&src=https%3A%2F%2Fcsearch-phinf.pstatic.net%2F20241029_23%2F1730168847409Pye0e_JPEG%2F360_19427252_main_thumb_url_1730168847400.jpg
컬러풀뮤지엄,2021.01.06.,오픈런,컬러풀뮤지엄,https://search.pstatic.net/common?type=ofullfill&size=138x200&quality=95&direct=true&src=https%3A%2F%2Fcsearch-phinf.pstatic.net%2F20210506_181%2F1620287674650FYRlv_PNG%2F360_main_thumb_url_1620287674635.png
댄디맥 브레드 앤 아트 파티,2025.01.13.,오픈런,카포레,https://search.pstatic.net/common?type=ofullfill&size=138x200&quality=95&direct=true&src=https%3A%2F%2Fcsearch-phinf.pstatic.net%2F20250204_262%2F17386363393034lOMr_JPEG%2F360_main_thumb_url_1738636339239.jpg
연결의 실,2025.01.13.,오픈런,카포레,https://search.pstatic.net/common?type=ofullfill&size=138x200&quality=95&direct=true&src=https%3A%2F%2Fcsearch-phinf.pstatic.net%2F20250203_44%2F1738554292686l6wT3_JPEG%2F360_main_thumb_url_1738554292661.jpg
DINO BAY 시즌3,2024.12.14.,오픈런,리빙파워센터,https://search.pstatic.net/common?type=ofullfill&size=138x200&quality=95&direct=true&src=https%3A%2F%2Fcsearch-phinf.pstatic.net%2F20241217_101%2F1734400779373SJEgL_JPEG%2F360_main_thumb_url_1734400779363.jpg
완전한 몰입,2024.08.20.,2025.09.07.,양주시립장욱진미술관,https://search.pstatic.net/common?type=ofullfill&size=138x200&quality=95&direct=true&src=https%3A%2F%2Fcsearch-phinf.pstatic.net%2F20240821_24%2F1724204820647K3d3Q_JPEG%2F360_main_thumb_url_1724204820620.jpg
모나리자 이머시브,2024.07.26.,2025.07.27.,뮤지엄엘,https://search.pstatic.net/common?type=ofullfill&size=138x200&quality=95&direct=true&src=https%3A%2F%2Fcsearch-phinf.pstatic.net%2F20240725_272%2F172187463617183IFM_JPEG%2F360_main_thumb_url_1721874636115.jpg
기쁨,2024.05.02.,2025.06.01.,양주시립민복진미술관,https://search.pstatic.net/common?type=ofullfill&size=138x200&quality=95&direct=true&src=https%3A%2F%2Fcsearch-phinf.pstatic.net%2F20240531_65%2F1717143578492oJ4S5_PNG%2F360_34023021_main_thumb_url_1717143578481.png
인피니티아트 빛의 산책,2024.04.23.,2025.04.25.,아트팩토리참기름 강화,https://search.pstatic.net/common?type=ofullfill&size=138x200&quality=95&direct=true&src=https%3A%2F%2Fcsearch-phinf.pstatic.net%2F20240408_20%2F1712538527617XprzV_JPEG%2F360_33871688_main_thumb_url_1712538527573.jpg
르 스페이스,2024.05.01.,오픈런,르 스페이스,https://search.pstatic.net/common?type=ofullfill&size=138x200&quality=95&direct=true&src=https%3A%2F%2Fcsearch-phinf.pstatic.net%2F20240328_155%2F1711590712646WHOCF_JPEG%2F360_main_thumb_url_1711590712629.jpg
Re: 새-새-의자,2024.03.15.,오픈런,부산현대미술관,https://search.pstatic.net/common?type=ofullfill&size=138x200&quality=95&direct=true&src=https%3A%2F%2Fcsearch-phinf.pstatic.net%2F20240304_274%2F1709540280139LRRh0_JPEG%2F360_main_thumb_url_1709540280087.jpg
현대도예-오디세이,2023.11.24.,2027.01.10.,경기도자미술관,https://search.pstatic.net/common?type=ofullfill&size=138x200&quality=95&direct=true&src=https%3A%2F%2Fcsearch-phinf.pstatic.net%2F20240122_36%2F1705890320501YSPAq_JPEG%2F360_main_thumb_url_1705890320426.jpg
시골 쥐의 도시 여행,2023.10.24.,오픈런,인천도시역사관,https://search.pstatic.net/common?type=ofullfill&size=138x200&quality=95&direct=true&src=https%3A%2F%2Fcsearch-phinf.pstatic.net%2F20231024_181%2F16981176413512AqrG_JPEG%2F360_main_thumb_url_1698117641329.jpg
지속가능한 미래가 오다[ODA],2023.05.17.,오픈런,KOICA 개발협력전시관,https://search.pstatic.net/common?type=ofullfill&size=138x200&quality=95&direct=true&src=https%3A%2F%2Fcsearch-phinf.pstatic.net%2F20230801_132%2F1690859835795q1fn1_JPEG%2F360_main_thumb_url_1690859835776.jpg
이우환 공간 상설전시,2023.01.01.,2099.12.31.,부산시립미술관,https://search.pstatic.net/common?type=ofullfill&size=138x200&quality=95&direct=true&src=https%3A%2F%2Fcsearch-phinf.pstatic.net%2F20230705_287%2F1688534807026OMPH4_JPEG%2F360_main_thumb_url_1688534807010.jpg
원더래빗 고양,2022.06.01.,오픈런,매직플로우,https://search.pstatic.net/common?type=ofullfill&size=138x200&quality=95&direct=true&src=https%3A%2F%2Fcsearch-phinf.pstatic.net%2F20220624_64%2F1656046568816gAzue_JPEG%2F360_main_thumb_url_1656046568794.jpg
어둠속의대화 동탄,2021.08.20.,오픈런,롯데백화점 동탄점,https://search.pstatic.net/common?type=ofullfill&size=138x200&quality=95&direct=true&src=https%3A%2F%2Fcsearch-phinf.pstatic.net%2F20240205_297%2F1707109613403cV4Sr_PNG%2F360_25786466_main_thumb_url_1707109613356.png
양주 조각숲 나들이,2020.06.01.,오픈런,장흥자연휴양림,https://search.pstatic.net/common?type=ofullfill&size=138x200&quality=95&direct=true&src=https%3A%2F%2Fcsearch-phinf.pstatic.net%2F20221117_281%2F1668678624913WhwFk_JPEG%2F360_14284760_main_thumb_url_1668678624831.jpg
빽투더래옹,2020.04.08.,오픈런,래옹갤러리,https://search.pstatic.net/common?type=ofullfill&size=138x200&quality=95&direct=true&src=https%3A%2F%2Fdbscthumb-phinf.pstatic.net%2F3029_000_11%2F20200514181222694_CVS9QBXR0.jpg%2F%25EB%259E%2598%25EC%2598%25B9.jpg%3Ftype%3Dm1501
대구 근대 회화의 흐름,2025.01.14.,2028.02.29.,대구미술관,https://search.pstatic.net/common?type=ofullfill&size=138x200&quality=95&direct=true&src=https%3A%2F%2Fcsearch-phinf.pstatic.net%2F20250204_121%2F1738651077159sgSYw_PNG%2F360_main_thumb_url_1738651077137.png
"계속 변화한다, 모든 것은 연결된다, 영원히 계속된다",2025.01.14.,2026.01.25.,대구미술관,https://search.pstatic.net/common?type=ofullfill&size=138x200&quality=95&direct=true&src=https%3A%2F%2Fcsearch-phinf.pstatic.net%2F20250204_119%2F1738650807490DcyEX_PNG%2F360_main_thumb_url_1738650807453.png
몬순으로 열린 세계: 동남아시아의 항구도시,2024.01.30.,2026.02.01.,국립아시아문화전당,https://search.pstatic.net/common?type=ofullfill&size=138x200&quality=95&direct=true&src=https%3A%2F%2Fcsearch-phinf.pstatic.net%2F20240131_57%2F1706680464782Sd2us_JPEG%2F360_main_thumb_url_1706680464741.jpg
EXTENSION OF ORIGIN : 기원의 확장,2022.09.01.,오픈런,Fe01,https://search.pstatic.net/common?type=ofullfill&size=138x200&quality=95&direct=true&src=https%3A%2F%2Fcsearch-phinf.pstatic.net%2F20230104_12%2F1672800194363yNmLS_JPEG%2F360_29580682_main_thumb_url_1672800194263.jpg
오나경 : PUM-PING展,2022.08.10.,오픈런,잇츠룸 갤러리카페,https://search.pstatic.net/common?type=ofullfill&size=138x200&quality=95&direct=true&src=https%3A%2F%2Fcsearch-phinf.pstatic.net%2F20220822_40%2F1661147677677cpagn_JPEG%2F360_main_thumb_url_1661147677614.jpg
여의도 나이트 클럽,2024.12.16.,오픈런,창생플랫폼,https://search.pstatic.net/common?type=ofullfill&size=138x200&quality=95&direct=true&src=https%3A%2F%2Fcsearch-phinf.pstatic.net%2F20250320_140%2F1742451106902GttkE_JPEG%2F360_main_thumb_url_1742451106892.jpg
운보 김기창 展,2025.02.18.,2026.03.22.,아라리오갤러리 천안,https://search.pstatic.net/common?type=ofullfill&size=138x200&quality=95&direct=true&src=https%3A%2F%2Fcsearch-phinf.pstatic.net%2F20250219_106%2F1739944085158MDNw6_JPEG%2F360_main_thumb_url_1739944085150.jpg
바람 빛 물결,2025.02.07.,2026.02.09.,전남도립미술관,https://search.pstatic.net/common?type=ofullfill&size=138x200&quality=95&direct=true&src=https%3A%2F%2Fcsearch-phinf.pstatic.net%2F20250211_203%2F1739265128275P2zdw_JPEG%2F360_main_thumb_url_1739265128135.jpg
이 이야기가 나의 마지막 임무입니다,2023.10.01.,2030.10.31.,평화탐험체험관 전시실,https://search.pstatic.net/common?type=ofullfill&size=138x200&quality=95&direct=true&src=https%3A%2F%2Fcsearch-phinf.pstatic.net%2F20231023_240%2F1698061719768zrTdV_JPEG%2F360_main_thumb_url_1698061719724.jpg
소아르떼 미디어센터 상설전,2023.04.01.,2025.12.31.,담양 소아르떼,https://search.pstatic.net/common?type=ofullfill&size=138x200&quality=95&direct=true&src=https%3A%2F%2Fcsearch-phinf.pstatic.net%2F20250304_25%2F1741065461336mPnqA_JPEG%2F360_31974821_main_thumb_url_1741065461328.jpg
Time After Time,2023.04.23.,오픈런,경주 코오롱 호텔,https://search.pstatic.net/common?type=ofullfill&size=138x200&quality=95&direct=true&src=https%3A%2F%2Fcsearch-phinf.pstatic.net%2F20230502_142%2F1682992722509RcVPa_JPEG%2F360_main_thumb_url_1682992722446.jpg
기린 아트 페어,2022.08.23.,2025.12.31.,문화공간 기린,https://search.pstatic.net/common?type=ofullfill&size=138x200&quality=95&direct=true&src=https%3A%2F%2Fcsearch-phinf.pstatic.net%2F20241230_257%2F1735529863790s4Jq0_PNG%2F360_28704985_main_thumb_url_1735529863745.png
남해각 일상의 역사,2020.09.25.,오픈런,남해각,https://search.pstatic.net/common?type=ofullfill&size=138x200&quality=95&direct=true&src=https%3A%2F%2Fcsearch-phinf.pstatic.net%2F20210510_182%2F1620639575844hKA6y_JPEG%2F360_main_thumb_url_1620639575782.jpg
나의 정원... 모두의 정원,2021.04.01.,2025.12.31.,아미미술관,https://search.pstatic.net/common?type=ofullfill&size=138x200&quality=95&direct=true&src=https%3A%2F%2Fcsearch-phinf.pstatic.net%2F20210406_74%2F1617711084931vgUOE_JPEG%2F360_main_thumb_url_1617711084911.jpg
아트하우스 갤러리 투어,2020.12.13.,오픈런,곡성 강빛마을 펜션,https://search.pstatic.net/common?type=ofullfill&size=138x200&quality=95&direct=true&src=https%3A%2F%2Fdbscthumb-phinf.pstatic.net%2F3029_000_16%2F20210114153730248_MS6UMFMAL.png%2F%25EC%25A7%2584%25EC%25A7%259C.png%3Ftype%3Dm1501
"강기석 : 놀라지말아요, 브라질이니까",2020.09.28.,오픈런,탠덤커피클럽,https://search.pstatic.net/common?type=ofullfill&size=138x200&quality=95&direct=true&src=https%3A%2F%2Fdbscthumb-phinf.pstatic.net%2F3029_000_15%2F20201120185102338_GJJHL7D47.png%2F1605865850.png%3Ftype%3Dm1501
하리보 해피월드 인 제주,2024.07.12.,오픈런,하리보 해피월드,https://search.pstatic.net/common?type=ofullfill&size=138x200&quality=95&direct=true&src=https%3A%2F%2Fcsearch-phinf.pstatic.net%2F20240715_79%2F1721011575932CHzPT_JPEG%2F360_33979453_main_thumb_url_1721011575907.jpg
에릭 오 : O,2024.04.25.,2025.06.30.,하우스오브레퓨즈,https://search.pstatic.net/common?type=ofullfill&size=138x200&quality=95&direct=true&src=https%3A%2F%2Fcsearch-phinf.pstatic.net%2F20240419_158%2F17134920454595Rx6j_JPEG%2F360_main_thumb_url_1713492045432.jpg
폴더,2022.12.17.,오픈런,코시롱타운,https://search.pstatic.net/common?type=ofullfill&size=138x200&quality=95&direct=true&src=https%3A%2F%2Fcsearch-phinf.pstatic.net%2F20230109_187%2F1673232055884TlPrS_JPEG%2F360_29634821_main_thumb_url_1673232055851.jpg
김택화 미술관 상설전,2019.12.16.,오픈런,김택화미술관,https://search.pstatic.net/common?type=ofullfill&size=138x200&quality=95&direct=true&src=https%3A%2F%2Fcsearch-phinf.pstatic.net%2F20210312_279%2F16155457662316FBlu_PNG%2F360_main_thumb_url_1615545766133.png
아라리오컬렉션,2014.10.01.,오픈런,아라리오뮤지엄 탑동시네마,https://search.pstatic.net/common?type=ofullfill&size=138x200&quality=95&direct=true&src=https%3A%2F%2Fdbscthumb-phinf.pstatic.net%2F3029_000_8%2F20200110102954528_ZLYH2QB41.jpg%2F%25EC%2595%2584%25EB%259D%25BC.jpg%3Ftype%3Dm1501
아라리오컬렉션,2014.10.01.,오픈런,아라리오뮤지엄 동문모텔,https://search.pstatic.net/common?type=ofullfill&size=138x200&quality=95&direct=true&src=https%3A%2F%2Fdbscthumb-phinf.pstatic.net%2F3029_000_8%2F20200110103354210_23OD93Q03.jpg%2F%25EC%2595%2584%25EC%25BB%25AC.jpg%3Ftype%3Dm1501
"그리스가 로마에게, 로마가 그리스에게 ",2023.06.15.,2027.05.30.,국립중앙박물관,https://search.pstatic.net/common?type=ofullfill&size=138x200&quality=95&direct=true&src=https%3A%2F%2Fcsearch-phinf.pstatic.net%2F20230723_7%2F1690056334549XCgTR_PNG%2FD089039_7c90ee60_202307p001.png%3Ftype%3Dm1500
PEN-sight: 연수의 과거와 현재를 그리다,2025.04.03.,2025.04.10.,갤러리다솜,https://search.pstatic.net/common?type=ofullfill&size=138x200&quality=95&direct=true&src=https%3A%2F%2Fcsearch-phinf.pstatic.net%2F20250321_91%2F17425393295954zk7p_JPEG%2F360_main_thumb_url_1742539329576.jpg
인천 인연(因緣) - 만남전,2025.04.03.,2025.04.10.,갤러리나무,https://search.pstatic.net/common?type=ofullfill&size=138x200&quality=95&direct=true&src=https%3A%2F%2Fcsearch-phinf.pstatic.net%2F20250321_299%2F1742538348888dGLKS_JPEG%2F360_main_thumb_url_1742538348860.jpg
이서하 : 인생은 아름다워,2025.03.16.,2025.04.10.,갤러리 원,https://search.pstatic.net/common?type=ofullfill&size=138x200&quality=95&direct=true&src=https%3A%2F%2Fcsearch-phinf.pstatic.net%2F20250321_248%2F1742529235139RhW1k_JPEG%2F360_main_thumb_url_1742529235014.jpg
